facility_id,path_p,path_q,abs_diff_ship_term,abs_diff_premium_term,abs_diff_U_fp,abs_diff_R_fp
1,1,2,0.45235477188527984,15.078492396175996,22.342990343859192,0.00025837680903055093
1,1,3,0.11426652632981593,3.8088842109938597,15.493223785729093,0.002517714548871383
1,1,4,0.10339382632040928,3.446460877346979,75.18270096540272,0.0048126317379251346
1,1,5,0.9177012459022235,30.590041530074117,87.2227013482287,0.0004057872259116931
1,1,6,883.838929171954,9.074983638635672,145.4522805469177,0.011295498360958816
1,1,7,0.017302067863574022,0.5767355954524689,107.5864972346597,0.0016890305364513911
1,1,8,0.016346146573337217,0.544871552444576,112.1309063334997,0.001097435171324895
1,1,9,0.8718872614385633,29.062908714618786,82.73851232568671,0.0008208932706076798
1,1,10,0.4368196493915346,14.560654979717825,103.99685137098871,0.004776291418144655
1,2,3,0.5666212982150958,18.887376607169855,6.849766558130099,0.0022593377398408324
1,2,4,0.34896094556487056,11.632031518829017,52.83971062154352,0.004554254928894583
1,2,5,0.4653464740169436,15.511549133898122,64.8797110043695,0.00014741041688114218
1,2,6,884.2912839438393,24.153476034811668,123.1092902030585,0.011037121551928264
1,2,7,0.4350527040217058,14.501756800723527,85.2435068908005,0.0014306537274208402
1,2,8,0.46870091845861706,15.623363948620572,89.7879159896405,0.000839058362294344
1,2,9,0.41953248955328354,13.984416318442788,60.395521981827514,0.0005625164615771288
1,2,10,0.015535122493745224,0.5178374164581712,81.65386102712951,0.004517914609114104
1,3,4,0.2176603526502252,7.255345088340839,59.68947717967362,0.0022949171890537514
1,3,5,1.0319677722320395,34.39892574106798,71.7294775624996,0.0021119273229596902
1,3,6,883.7246626456242,5.266099427641812,129.9590567611886,0.008777783812087433
1,3,7,0.13156859419338995,4.3856198064463285,92.0932734489306,0.0008286840124199922
1,3,8,0.09792037975647871,3.2640126585492837,96.6376825477706,0.0014202793775464884
1,3,9,0.9861537877683793,32.871792925612645,67.24528853995761,0.0016968212782637036
1,3,10,0.5510861757213505,18.369539190711684,88.50362758525961,0.0022585768692732723
1,4,5,0.8143074195818142,27.143580652727138,12.04000038282598,0.004406844512013442
1,4,6,883.9423229982744,12.521444515982651,70.26957958151499,0.0064828666230336805
1,4,7,0.08609175845683525,2.8697252818945103,32.403796269256986,0.0031236012014737437
1,4,8,0.1197399728937465,3.991332429791555,36.94820536809698,0.00371519656660024
1,4,9,0.768493435118154,25.616447837271807,7.555811360283997,0.0039917384673174554
1,4,10,0.33342582307112534,11.114194102370845,28.81415040558599,3.634031978047916e-05
1,5,6,884.7566304178563,39.66502516870979,58.22957919868901,0.010889711135047123
1,5,7,0.9003991780386494,30.01330593462165,20.363795886431006,0.001283243310539698
1,5,8,0.9340473924755607,31.134913082518693,24.908204985271,0.0006916479454132018
1,5,9,0.045813984463660085,1.5271328154553334,4.484189022541983,0.00041510604469598665
1,5,10,0.48088159651068885,16.029386550356293,16.77415002276001,0.004370504192232963
1,6,7,883.8562312398176,9.65171923408814,37.865783312258,0.009606467824507425
1,6,8,883.8225830253807,8.530112086191096,33.32137421341801,0.01019806318963392
1,6,9,884.7108164333926,38.13789235325446,62.71376822123099,0.010474605090351136
1,6,10,884.2757488213456,23.635638618353497,41.455429175929,0.00651920694281416
1,7,8,0.03364821443691124,1.1216071478970449,4.544409098839992,0.0005915953651264962
1,7,9,0.8545851935749893,28.486173119166317,24.84798490897299,0.0008681372658437114
1,7,10,0.4195175815279606,13.983919384265356,3.589645863670995,0.0030872608816932645
1,8,9,0.8882334080119005,29.60778026706336,29.39239400781298,0.00027654190071721516
1,8,10,0.45316579596487183,15.1055265321624,8.134054962510987,0.0036788562468197607
1,9,10,0.43506761204702876,14.50225373490096,21.258339045301994,0.003955398147536976
2,1,2,0.7505554022316281,25.018513407720924,0.8709489664169041,0.0011142163234917988
2,1,3,0.36864057939491257,12.288019313163744,35.46310279762909,0.0016567863594730758
2,1,4,0.6101508452016358,20.338361506721192,4.567125508772506,0.003330706007875432
2,1,5,0.0980318357029124,3.2677278567637416,0.003045925152193263,0.0018992780732548648
2,1,6,0.19380505830453576,6.460168610151198,17.1674583801921,0.000284015089719068
2,1,7,0.24811212975739239,8.270404325246407,111.54544302986811,0.0055344570647765075
2,1,8,0.41442403697334784,13.814134565778268,139.35231678435707,3.5263603148537846e-05
2,1,9,0.6167247494760013,20.55749164920004,24.849181578527094,0.004833374252813079
2,1,10,0.35216960610080283,11.738986870026757,131.5115254977871,0.005787097257211378
2,2,3,0.3819148228367155,12.73049409455718,36.334051764045995,0.000542570035981277
2,2,4,0.14040455702999233,4.680151900999732,3.6961765423556017,0.0022164896843836334
2,2,5,0.6525235665287157,21.750785550957183,0.8739948915690974,0.000785061749763066
2,2,6,0.9443604605361638,31.478682017872124,18.038407346609006,0.0013982314132108668
2,2,7,0.5024432724742357,16.748109082474517,112.41639199628501,0.004420240741284709
2,2,8,1.164979439204976,38.83264797349919,140.22326575077398,0.001078952720343261
2,2,9,0.13383065275562678,4.461021758520886,25.720130544944,0.0037191579293212804
2,2,10,0.39838579613082525,13.279526537694167,132.382474464204,0.004672880933719579
2,3,4,0.2415102658067232,8.050342193557448,40.0302283064016,0.0016739196484023564
2,3,5,0.27060874369200016,9.020291456400003,35.4600568724769,0.00024249171378178894
2,3,6,0.5624456376994483,18.748187923314944,18.29564441743699,0.0019408014491921438
2,3,7,0.12052844963752019,4.017614987917337,76.08234023223902,0.0038776707053034317
2,3,8,0.7830646163682604,26.102153878942012,103.889213986728,0.001621522756324538
2,3,9,0.24808417008108874,8.269472336036294,10.613921219101996,0.0031765878933400033
2,3,10,0.016470973294109736,0.5490324431369871,96.04842270015801,0.004130310897738302
2,4,5,0.5121190094987234,17.07063364995745,4.570171433924699,0.0014314279346205674
2,4,6,0.8039559035061715,26.798530116872392,21.734583888964607,0.0036147210975945
2,4,7,0.3620387154442434,12.067957181474785,116.11256853864062,0.0022037510569010753
2,4,8,1.0245748821749836,34.15249607249946,143.91944229312958,0.0032954424047268943
2,4,9,0.00657390427436555,0.21913014247884632,29.4163070872996,0.001502668244937647
2,4,10,0.2579812391008329,8.599374636694435,136.0786510065596,0.0024563912493359456
2,5,6,0.29183689400744817,9.72789646691494,17.16441245503991,0.0021832931629739327
2,5,7,0.15008029405447998,5.002676468482665,111.54239710471592,0.0036351789915216428
2,5,8,0.5124558726762602,17.08186242254201,139.3492708592049,0.001864014470106327
2,5,9,0.5186929137730889,17.289763792436297,24.8461356533749,0.0029340961795582144
2,5,10,0.25413777039789043,8.471259013263015,131.5084795726349,0.003887819183956513
2,6,7,0.44191718806192815,14.730572935397605,94.37798464967601,0.005818472154495576
2,6,8,0.2206189786688121,7.353965955627069,122.18485840416498,0.00031927869286760583
2,6,9,0.8105298077805371,27.01766025935124,7.681723198334993,0.005117389342532147
2,6,10,0.5459746644053386,18.199155480177957,114.344067117595,0.006071112346930446
2,7,8,0.6625361667307402,22.084538891024675,27.806873754488976,0.00549919346162797
2,7,9,0.3686126197186089,12.287087323953632,86.69626145134102,0.0007010828119634284
2,7,10,0.10405747634341045,3.46858254478035,19.966082467918994,0.0002526401924348703
2,8,9,1.0311487864493492,34.371626214978306,114.50313520582999,0.004798110649664541
2,8,10,0.7665936430741507,25.553121435805025,7.840791286569981,0.00575183365406284
2,9,10,0.2645551433751985,8.818504779173281,106.66234391926001,0.0009537230043982986
3,1,2,0.5448083921399324,18.160279737997747,7.268675550667595,0.0017558746866731061
3,1,3,0.2870238838178649,9.567462793928826,34.4963284626362,0.00037503283829230924
3,1,4,0.18229506466971235,6.076502155657067,6.163929426221799,0.001956897960839668
3,1,5,0.0273992719343239,0.9133090644774597,24.7378073318082,0.004318376106794673
3,1,6,0.7606561935150984,25.355206450503285,28.981734824573195,0.0017746758394576593
3,1,7,0.3933450940837585,13.111503136125286,63.8485561191122,0.0018507596516903902
3,1,8,0.9642833653024958,32.14277884341653,27.480981624528198,0.002565580469131098
3,1,9,0.815127634824065,27.170921160802166,110.00846360048519,0.0017778321196742501
3,1,10,0.10130236223794098,3.3767454079313666,49.1177015150852,0.001921092355967218
3,2,3,0.8318322759577973,27.727742531926573,27.227652911968605,0.0021309075249654153
3,2,4,0.7271034568096447,24.236781893654815,1.1047461244457963,0.003712772647512774
3,2,5,0.5722076640742563,19.073588802475207,17.469131781140604,0.006074250793467778
3,2,6,0.21584780137516607,7.194926712505538,21.7130592739056,1.880115278455317e-05
3,2,7,0.15146329805617387,5.048776601872461,56.57988056844461,9.488496501728412e-05
3,2,8,0.41947497316256344,13.982499105418782,20.212306073860603,0.000809705782457992
3,2,9,0.2703192426841326,9.01064142280442,102.73978804981759,2.195743300114402e-05
3,2,10,0.4435060299019914,14.78353433006638,41.849025964417606,0.003676967042640324
3,3,4,0.10472881914815257,3.4909606382717584,28.3323990364144,0.0015818651225473586
3,3,5,0.259624611883541,8.654153729451366,9.758521130828,0.003943343268502363
3,3,6,1.0476800773329633,34.922669244432115,5.514593638063005,0.0021497086777499683
3,3,7,0.6803689779016234,22.67896593005411,29.352227656476003,0.0022257924899826993
3,3,8,1.2513072491203607,41.710241637345355,7.015346838108002,0.0029406133074234074
3,3,9,1.10215151864193,36.73838395473099,75.51213513784899,0.0021528649579665594
3,3,10,0.3883262460558059,12.944208201860192,14.621373052449002,0.0015460595176749088
3,4,5,0.15489579273538845,5.163193091179608,18.5738779055864,0.0023614781459550043
3,4,6,0.9429512581848107,31.431708606160353,22.817805398351396,0.003731573800297327
3,4,7,0.5756401587534709,19.188005291782353,57.684626692890404,0.003807657612530058
3,4,8,1.1465784299722082,38.2192809990736,21.3170521983064,0.0045224784299707655
3,4,9,0.9974226994937774,33.24742331645923,103.84453417426339,0.003734730080513918
3,4,10,0.2835974269076533,9.453247563588434,42.9537720888634,3.5805604872449735e-05
3,5,6,0.7880554654494223,26.268515514980745,4.243927492764996,0.006093051946252331
3,5,7,0.4207443660180824,14.024812200602746,39.110748787304004,0.006169135758485062
3,5,8,0.9916826372368197,33.05608790789399,2.743174292719999,0.006883956575925771
3,5,9,0.8425269067583889,28.084230225279626,85.27065626867699,0.006096208226468922
3,5,10,0.12870163417226488,4.290054472408826,24.379894183277003,0.002397283750827454
3,6,7,0.36731109943133994,12.243703314378,34.86682129453901,7.608381223273095e-05
3,6,8,0.20362717178739734,6.787572392913243,1.500753200044997,0.0007909046296734389
3,6,9,0.05447144130896653,1.8157147102988827,81.02672877591199,3.156280216590852e-06
3,6,10,0.6593538312771574,21.97846104257192,20.135966690512006,0.003695768195424877
3,7,8,0.5709382712187373,19.031275707291243,36.367574494584005,0.0007148208174407079
3,7,9,0.42178254074030647,14.059418024676882,46.15990748137298,7.29275320161401e-05
3,7,10,0.2920427318458175,9.73475772819392,14.730854604027002,0.003771852007657608
3,8,9,0.1491557304784308,4.971857682614361,82.52748197595699,0.000787748349456848
3,8,10,0.8629810030645548,28.766033435485163,21.636719890557004,0.004486672825098317
3,9,10,0.713825272586124,23.7941757528708,60.890762085399984,0.003698924475641468
4,1,2,0.3007092283106301,10.023640943687674,1.6558508123465003,0.0003709534201601834
4,1,3,0.5655646769890482,18.852155899634937,56.885360469154705,0.0018761368539589654
4,1,4,0.5053083073284803,16.843610244282676,11.6077321138998,0.0009337509088564824
4,1,5,0.37152856525321276,12.384285508440424,8.656636775891101,0.00018754709855026413
4,1,6,0.7496425757117675,24.988085857058913,27.110593965615394,0.0010142638049096004
4,1,7,0.8300348782726665,27.66782927575555,48.726748539987696,0.0011495886923537514
4,1,8,0.36322726007054285,12.107575335684757,110.09673816427369,0.0064350540266436855
4,1,9,0.6991012892568598,23.30337630856199,162.7630284813587,0.003022421254755568
4,1,10,0.1011800176541644,3.372667255138815,41.4232937515017,0.003195581598540698
4,2,3,0.8662739052996783,28.87579684332261,55.229509656808204,0.001505183433798782
4,2,4,0.8060175356391104,26.86725118797035,9.9518813015533,0.000562797488696299
4,2,5,0.6722377935638428,22.4079264521281,7.000785963544601,0.00018340632160991925
4,2,6,1.0503518040223976,35.01172680074659,25.454743153268893,0.000643310384749417
4,2,7,1.1307441065832966,37.691470219443225,47.070897727641196,0.000778635272193568
4,2,8,0.6639364883811729,22.13121627937243,108.44088735192719,0.0060641006064835025
4,2,9,0.9998105175674898,33.32701725224966,161.1071776690122,0.0026514678345953852
4,2,10,0.4018892459647945,13.396308198826489,39.7674429391552,0.0028246281783805153
4,3,4,0.06025636966056791,2.008545655352261,45.277628355254905,0.000942385945102483
4,3,5,0.19403611173583546,6.467870391194513,48.2287236932636,0.0016885897554087012
4,3,6,0.18407789872271924,6.135929957423977,29.77476650353931,0.000861873049049365
4,3,7,0.2644702012836183,8.815673376120612,8.158611929167009,0.0007265481616052141
4,3,8,0.20233741691850538,6.74458056395018,53.21137769511898,0.00455891717268472
4,3,9,0.1335366122678116,4.451220408927053,105.877668012204,0.001146284400796603
4,3,10,0.4643846593348838,15.479488644496122,15.462066717653002,0.001319444744581733
4,4,5,0.13377974207526755,4.459324735842252,2.951095338008699,0.0007462038103062183
4,4,6,0.24433426838328715,8.144475612776239,15.502861851715593,8.051289605311802e-05
4,4,7,0.3247265709441862,10.824219031472873,37.119016426087896,0.000215837783497269
4,4,8,0.14208104725793747,4.736034908597919,98.48900605037389,0.0055013031177872035
4,4,9,0.19379298192837952,6.459766064279314,151.1552963674589,0.0020886703458990862
4,4,10,0.4041282896743159,13.470942989143861,29.815561637601903,0.0022618306896842163
4,5,6,0.3781140104585547,12.60380034861849,18.453957189724292,0.0008267167063593363
4,5,7,0.45850631301945377,15.283543767315125,40.070111764096595,0.0009620415938034872
4,5,8,0.008301305182669916,0.2767101727556671,101.44010138838259,0.0062475069280934215
4,5,9,0.32757272400364706,10.919090800121566,154.10639170546762,0.002834874156205304
4,5,10,0.27034854759904836,9.01161825330161,32.7666569756106,0.003008034499990434
4,6,7,0.08039230256089908,2.679743418696635,21.616154574372302,0.00013532488744415097
4,6,8,0.3864153156412246,12.880510521374157,82.9861441986583,0.005420790221734085
4,6,9,0.05054128645490763,1.6847095484969241,135.65243451574332,0.0020081574498459678
4,6,10,0.6484625580576031,21.615418601920098,14.31269978588631,0.002181317793631098
4,7,8,0.4668076182021237,15.560253940070792,61.36998962428599,0.005285465334289934
4,7,9,0.1309335890158067,4.364452967193559,114.036279941371,0.001872832562401817
4,7,10,0.7288548606185021,24.295162020616736,7.303454788485993,0.002045992906186947
4,8,9,0.335874029186317,11.195800972877233,52.666290317085014,0.0034126327718881173
4,8,10,0.26204724241637845,8.734908080545942,68.67344441277199,0.0032394724281029873
4,9,10,0.5979212716026954,19.930709053423175,121.339734729857,0.00017316034378513003
5,1,2,0.5339604742004339,17.798682473347803,8.909367674829298,0.0006606905277472784
5,1,3,0.35520279722538983,11.840093240846329,25.71493980131109,2.7189168608534415e-05
5,1,4,0.16846012461189097,5.61533748706303,35.20644589128419,0.0008588025877545732
5,1,5,0.5333956414058748,17.77985471352917,41.20153236970019,0.00041766894675575127
5,1,6,0.4962767921430359,16.542559738101197,51.752821259017196,0.004957940273417295
5,1,7,0.06705927878691098,2.235309292897032,49.3994393400572,0.0025351063812032062
5,1,8,0.20091215017181696,6.697071672393896,44.914379940983196,0.0015721957216121602
5,1,9,0.33121383988857034,11.040461329619013,63.9220579017602,0.000596101873700128
5,1,10,0.40148923760507826,13.38297458683594,162.3215664007002,0.0016333395607093441
5,2,3,0.17875767697504408,5.958589232501474,16.805572126481792,0.0006878796963558128
5,2,4,0.7024205988123249,23.414019960410833,26.297078216454892,0.00019811206000729489
5,2,5,0.0005648327945591003,0.018827759818634604,32.29216469487089,0.00024302158099152708
5,2,6,0.03768368205739803,1.2561227352466062,42.8434535841879,0.0042972497456700166
5,2,7,0.6010197529873449,20.033991766244835,40.4900716652279,0.0018744158534559278
5,2,8,0.7348726243722509,24.4957541457417,36.0050122661539,0.0009115051938648819
5,2,9,0.20274663431186357,6.75822114372879,55.0126902269309,6.45886540471504e-05
5,2,10,0.9354497118055122,31.181657060183746,153.4121987258709,0.0009726490329620658
5,3,4,0.5236629218372808,17.45543072790936,9.4915060899731,0.0008859917563631076
5,3,5,0.17819284418048498,5.939761472682839,15.4865925683891,0.0004448581153642857
5,3,6,0.14107399491764605,4.702466497254868,26.037881457706106,0.00498512944202583
5,3,7,0.4222620760123008,14.075402533743361,23.68449953874611,0.0025622955498117404
5,3,8,0.5561149473972068,18.537164913240225,19.199440139672106,0.0015993848902206946
5,3,9,0.023988957336819494,0.7996319112273156,38.20711810044911,0.0006232910423086624
5,3,10,0.7566920348304681,25.22306782768227,136.60662659938913,0.0016605287293178785
5,4,5,0.7018557660177658,23.3951922005922,5.995086478415999,0.00044113364099882197
5,4,6,0.6647369167549269,22.157897225164227,16.546375367733006,0.004099137685662722
5,4,7,0.10140084582497999,3.380028194165998,14.19299344877301,0.0016763037934486328
5,4,8,0.03245202555992599,1.0817341853308662,9.707934049699006,0.000713393133857587
5,4,9,0.4996739645004613,16.655798816682044,28.715612010476008,0.0002627007140544453
5,4,10,0.2330291129931873,7.7676370997729105,127.11512050941602,0.0007745369729547709
5,5,6,0.03711884926283893,1.2372949754279716,10.551288889317007,0.0045402713266615435
5,5,7,0.6004549201927858,20.0151640064262,8.19790697035701,0.002117437434447455
5,5,8,0.7343077915776918,24.476926385923065,3.7128475712830067,0.001154526774856409
5,5,9,0.20218180151730447,6.739393383910155,22.72052553206001,0.00017843292694437669
5,5,10,0.9348848790109531,31.16282930036511,121.12003403100002,0.001215670613953593
5,6,7,0.5633360709299469,18.77786903099823,2.3533819189599967,0.0024228338922140887
5,6,8,0.6971889423148528,23.239631410495093,6.8384413180340005,0.0033857445518051346
5,6,9,0.16506295225446554,5.502098408482183,12.169236642743002,0.004361838399717167
5,6,10,0.8977660297481141,29.92553432493714,110.56874514168301,0.0033246007127079504
5,7,8,0.13385287138490598,4.461762379496864,4.485059399074004,0.0009629106595910458
5,7,9,0.3982731186754813,13.275770622516045,14.522618561702998,0.001939004507503078
5,7,10,0.3344299588181673,11.147665293938909,112.922127060643,0.0009017668204938619
5,8,9,0.5321259900603873,17.73753300201291,19.007677960777002,0.0009760938479120323
5,8,10,0.2005770874332613,6.685902914442044,117.40718645971701,6.114383909718393e-05
5,9,10,0.7327030774936486,24.423435916454956,98.39950849894001,0.0010372376870092163
6,1,2,0.2599370091775386,8.66456697258462,6.645129435090311,0.00024281945772070196
6,1,3,0.7924718362864908,26.41572787621636,53.66539019152921,0.00555685490974847
6,1,4,0.6276725830578472,20.922419435261574,8.822453803658902,0.003161858428248133
6,1,5,0.6820971878041563,22.73657292680521,5.086566921575198,0.005022653468448519
6,1,6,4.893257881209237,26.136937284608685,29.754817209766202,0.007636557075877953
6,1,7,0.34966022363536287,11.65534078784543,28.440133657290204,0.0036538627444461565
6,1,8,0.4979245411950104,16.597484706500346,134.6098649537392,0.005845735379223257
6,1,9,0.08115012586905851,2.7050041956352846,142.47758762554722,0.001995131429369545
6,1,10,0.11526047406783196,3.8420158022610646,38.3213024177532,0.0007145305215542091
6,2,3,1.0524088454640292,35.080294848800975,47.0202607564389,0.005799674367469173
6,2,4,0.8876095922353858,29.58698640784619,2.1773243685685912,0.0034046778859688352
6,2,5,0.9420341969816949,31.401139899389825,1.5585625135151133,0.005265472926169221
6,2,6,5.153194890386776,34.8015042571933,23.10968777467589,0.007879376533598655
6,2,7,0.6095972328129015,20.31990776043005,21.795004222199893,0.0038966822021668586
6,2,8,0.757861550372549,25.262051679084962,127.96473551864888,0.00608855483694396
6,2,9,0.17878688330848008,5.959562776949335,135.83245819045692,0.002237950887090247
6,2,10,0.14467653510970663,4.822551170323555,31.67617298266289,0.0009573499792749111
6,3,4,0.16479925322864353,5.4933084409547845,44.84293638787031,0.002394996481500337
6,3,5,0.11037464848233447,3.6791549494111493,48.578823269954015,0.0005342014412999512
6,3,6,4.100786044922747,0.27879059160767383,23.91057298176301,0.0020797021661294827
6,3,7,0.4428116126511279,14.760387088370926,25.22525653423901,0.0019029921653023136
6,3,8,0.29454729509148037,9.818243169716013,80.94447476220998,0.0002888804694747872
6,3,9,0.8736219621555492,29.12073207185164,88.812197434018,0.003561723480378925
6,3,10,0.9077323103543227,30.25774367847742,15.34408777377601,0.004842324388194261
6,4,5,0.05442460474630906,1.8141534915436353,3.7358868820837046,0.0018607950402003857
6,4,6,4.26558529815139,5.214517849347111,20.9323634061073,0.00447469864762982
6,4,7,0.27801235942248437,9.267078647416142,19.6176798536313,0.0004920043161980234
6,4,8,0.12974804186283684,4.324934728761228,125.78741115008029,0.002683876950975124
6,4,9,0.7088227089269057,23.627423630896857,133.6551338218883,0.0011667269988785882
6,4,10,0.7429330571256791,24.764435237522637,29.4988486140943,0.002447327906693924
6,5,6,4.211160693405081,3.4003643578034755,24.668250288191004,0.002613903607429434
6,5,7,0.3324369641687934,11.081232138959777,23.353566735715006,0.0013687907240023623
6,5,8,0.1841726466091459,6.139088220304863,129.523298032164,0.0008230819107747384
6,5,9,0.7632473136732147,25.441577122440492,137.391020703972,0.003027522039078974
6,5,10,0.7973576618719882,26.578588729066272,33.234735496178004,0.00430812294689431
6,6,7,4.543597657573875,14.481596496763252,1.3146835524759979,0.003982694331431796
6,6,8,4.395333340014227,9.539452578108339,104.85504774397299,0.0017908216966546955
6,6,9,4.974408007078297,28.841941480243968,112.72277041578101,0.005641425646508408
6,6,10,5.00851835527707,29.978953086869748,8.566485207987,0.0069220265543237436
6,7,8,0.14826431755964753,4.942143918654914,106.16973129644899,0.0021918726347771008
6,7,9,0.4308103495044214,14.360344983480715,114.03745396825701,0.0016587313150766116
6,7,10,0.46492069770319483,15.497356590106495,9.881168760462998,0.0029393322228919473
6,8,9,0.579074667064069,19.30248890213563,7.867722671808025,0.0038506039498537124
6,8,10,0.6131850152628424,20.43950050876141,96.28856253598599,0.005131204857669048
6,9,10,0.034110348198773455,1.13701160662578,104.15628520779401,0.001280600907815336
7,1,2,0.26636412012390787,8.878804004130256,6.534624629457699,2.4573466210363754e-05
7,1,3,0.13927525466753188,4.642508488917727,21.642943983619002,0.00014633926107288542
7,1,4,0.13040445909449772,4.346815303149931,54.50734389342399,1.776350619676689e-05
7,1,5,0.045474266416339226,1.5158088805446397,75.6473252528395,0.002791620448889321
7,1,6,0.15501180752884247,5.167060250961413,66.8523418793923,0.001282591008950566
7,1,7,0.1474143314108285,4.913811047027615,213.87881195837952,0.007456072329517528
7,1,8,0.4920113660326102,16.400378867753673,175.8701883231655,0.002544445037821493
7,1,9,0.8607399217504186,28.691330725013948,241.68651222365853,0.001551799683840516
7,1,10,0.31277552295344757,10.425850765114916,127.7242738687775,0.004533835654391659
7,2,3,0.127088865456376,4.236295515212529,15.108319354161303,0.00017091272728324917
7,2,4,0.3967685792184056,13.225619307280187,47.9727192639663,4.233697240713064e-05
7,2,5,0.22088985370756864,7.362995123585616,69.1127006233818,0.0028161939150996847
7,2,6,0.1113523125950654,3.711743753168843,60.3177172499346,0.0013071644751609297
7,2,7,0.11894978871307937,3.964992957102641,207.3441873289218,0.007480645795727892
7,2,8,0.22564724590870233,7.521574863623417,169.3355636937078,0.002569018504031857
7,2,9,0.5943758016265107,19.812526720883692,235.15188759420082,0.0015763731500508798
7,2,10,0.046411402829539705,1.54704676098466,121.1896492393198,0.0045584091206020225
7,3,4,0.2696797137620296,8.989323792067658,32.864399909804995,0.00012857575487611853
7,3,5,0.09380098825119265,3.1266996083730874,54.004381269220495,0.0026452811878164353
7,3,6,0.015736552861310593,0.5245517620436857,45.2093978957733,0.0011362517478776806
7,3,7,0.008139076743296614,0.27130255810988757,192.2358679747605,0.007309733068444643
7,3,8,0.3527361113650783,11.757870378835946,154.2272443395465,0.0023981057767486075
7,3,9,0.7214646670828867,24.04882223609622,220.04356824003952,0.0014054604227676307
7,3,10,0.1735002682859157,5.783342276197189,106.08132988515851,0.004387496393318774
7,4,5,0.17587872551083694,5.862624183694571,21.1399813594155,0.002773856942692554
7,4,6,0.2854162666233402,9.513875554111344,12.344997985968305,0.0012648275027537991
7,4,7,0.2778187905053262,9.260626350177546,159.3714680649555,0.007438308823320761
7,4,8,0.6224158251271079,20.747194170903605,121.3628444297415,0.0025266815316247263
7,4,9,0.9911443808449163,33.03814602816388,187.17916833023452,0.0015340361776437492
7,4,10,0.4431799820479453,14.772666068264847,73.21692997535351,0.004516072148194892
7,5,6,0.10953754111250324,3.651251370416773,8.794983373447195,0.001509029439938755
7,5,7,0.10194006499448927,3.398002166482975,138.23148670554002,0.0046644518806282075
7,5,8,0.44653709961627097,14.884569987209034,100.222863070326,0.00024717541106782787
7,5,9,0.8152656553340794,27.17552184446931,166.039186970819,0.0012398207650488049
7,5,10,0.26730125653710834,8.910041884570276,52.07694861593801,0.0017422152055023379
7,6,7,0.007597476118013979,0.25324920393379813,147.0264700789872,0.006173481320566962
7,6,8,0.3369995585037677,11.23331861679226,109.0178464437732,0.001261854028870927
7,6,9,0.7057281142215761,23.524270474052535,174.83417034426623,0.0002692086748899501
7,6,10,0.1577637154246051,5.258790514153503,60.8719319893852,0.003251244645441093
7,7,8,0.3445970346217817,11.486567820726059,38.00862363521401,0.004911627291696035
7,7,9,0.7133255903395901,23.777519677986334,27.80770026527901,0.005904272645677012
7,7,10,0.16536119154261908,5.512039718087301,86.154538089602,0.002922236675125869
7,8,9,0.3687285557178084,12.290951857260275,65.81632390049302,0.000992645353980977
7,8,10,0.17923584307916263,5.974528102638757,48.14591445438799,0.0019893906165701658
7,9,10,0.547964398796971,18.265479959899032,113.96223835488101,0.002982035970551143
8,1,2,0.26182436072189424,8.727478690729807,7.9181020111995934,0.0005493072947670128
8,1,3,0.8624048406056597,28.746828020188655,12.049115503767297,0.0053448574129774185
8,1,4,0.026128997611845617,0.8709665870615186,31.72823092122529,0.0013573026896604179
8,1,5,0.2109806070261254,7.032686900870846,42.10641779732829,0.0006330222802046069
8,1,6,0.09017894592333092,3.0059648641110286,69.0145638976293,0.0029914130961750263
8,1,7,0.1066622646786583,3.5554088226219456,58.33430324469629,0.002853870117172014
8,1,8,0.6038979865749439,20.12993288583146,77.1768950016243,0.0018532485195269799
8,1,9,0.46230409735436134,15.41013657847871,49.99410632238829,0.002277015223324583
8,1,10,0.7685732739872937,25.619109132909788,110.24852893022529,0.0042787789341359895
8,2,3,0.6005804798837654,20.019349329458848,4.131013492567703,0.004795550118210406
8,2,4,0.23569536311004863,7.856512103668289,23.810128910025696,0.000807995394893405
8,2,5,0.4728049677480196,15.760165591600654,34.1883157861287,8.371498543759408e-05
8,2,6,0.17164541479856332,5.721513826618779,61.09646188642971,0.0024421058014080133
8,2,7,0.15516209604323594,5.172069868107862,50.41620123349669,0.002304562822405001
8,2,8,0.34207362585304957,11.402454195101654,69.25879299042471,0.001303941224759967
8,2,9,0.2004797366324671,6.682657887748903,42.0760043111887,0.00172770792855757
8,2,10,0.5067489132653994,16.89163044217998,102.3304269190257,0.0037294716393689764
8,3,4,0.836275842993814,27.875861433127135,19.679115417457993,0.003987554723317001
8,3,5,1.073385447631785,35.7795149210595,30.057302293560994,0.004711835132772811
8,3,6,0.7722258946823287,25.740863156077626,56.965448393862005,0.002353444316802392
8,3,7,0.7557425759270013,25.19141919756671,46.28518774092899,0.0024909872958054045
8,3,8,0.2585068540307158,8.616895134357193,65.127779497857,0.0034916088934504384
8,3,9,0.4001007432512983,13.336691441709945,37.944990818620994,0.0030678421896528354
8,3,10,0.093831566618366,3.127718887278867,98.199413426458,0.001066078478841429
8,4,5,0.237109604637971,7.903653487932365,10.378186876103001,0.0007242804094558109
8,4,6,0.0640499483114853,2.13499827704951,37.28633297640401,0.0016341104065146082
8,4,7,0.08053326706681269,2.684442235560427,26.606072323470997,0.0014965674275115959
8,4,8,0.5777689889630981,19.25896629876994,45.44866408039901,0.000495945829866562
8,4,9,0.4361750997425157,14.539169991417191,18.265875401163,0.000919712533664165
8,4,10,0.742444276375448,24.748142545848268,78.520298009,0.0029214762444755714
8,5,6,0.3011595529494563,10.038651764981875,26.90814610030101,0.002358390815970419
8,5,7,0.31764287170478367,10.588095723492792,16.227885447367996,0.0022208478369674066
8,5,8,0.8148785936010692,27.162619786702308,35.07047720429601,0.001220226239322373
8,5,9,0.6732847043804867,22.442823479349556,7.88768852506,0.001643992943119976
8,5,10,0.979553881013419,32.651796033780634,68.142111132897,0.003645756653931382
8,6,7,0.01648331875532738,0.549443958510917,10.680260652933015,0.00013754297900301238
8,6,8,0.5137190406516129,17.123968021720433,8.162331103995001,0.0011381645766480463
8,6,9,0.3721251514310304,12.404171714367681,19.02045757524101,0.0007143978728504433
8,6,10,0.6783943280639627,22.61314426879876,41.23396503259599,0.0012873658379609632
8,7,8,0.4972357218962855,16.574524063209516,18.842591756928016,0.0010006215976450339
8,7,9,0.35564183267570304,11.854727755856764,8.340196922307996,0.0005768548938474309
8,7,10,0.6619110093086353,22.063700310287842,51.914225685529004,0.0014249088169639755
8,8,9,0.14159388922058247,4.719796307352752,27.182788679236012,0.000423766703797603
8,8,10,0.16467528741234982,5.489176247078326,33.07163392860099,0.0024255304146090094
8,9,10,0.3062691766329323,10.208972554431078,60.254422607837,0.0020017637108114064
9,1,2,0.34820101649787794,11.606700549929265,7.000576633626402,3.053839212533025e-05
9,1,3,0.20210423985717374,6.736807995239118,15.177466418065901,0.00022745352359044663
9,1,4,0.6714098375665729,22.380327918885765,120.83376863606439,0.00028419006582808374
9,1,5,0.8661619807112616,28.87206602370872,142.69187087492242,0.00015491101484886683
9,1,6,0.7752586673948568,25.84195557982856,161.2563340903244,0.0003316351846013286
9,1,7,0.07836184386323475,2.6120614621078246,142.1447949512474,0.008179291721819075
9,1,8,0.27328901860260035,9.109633953420012,123.6575363627954,0.00102090589210188
9,1,9,0.6791063777466109,22.63687925822036,143.7976476798214,0.00266350432634067
9,1,10,0.22041283305243242,7.347094435081086,122.65858474312039,0.005473860862348401
9,2,3,0.5503052563550517,18.343508545168383,8.1768897844395,0.0001969151314651164
9,2,4,0.323208821068695,10.7736273689565,113.833192002438,0.0002536516737027535
9,2,5,0.5179609642133837,17.265365473779454,135.691294241296,0.00012437262272353656
9,2,6,0.4270576508969789,14.235255029899296,154.25575745669798,0.0003010967924759984
9,2,7,0.4265628603611127,14.21876201203709,135.14421831762098,0.008148753329693744
9,2,8,0.07491199789527758,2.497066596509253,116.656959729169,0.0009903674999765496
9,2,9,0.3309053612487329,11.030178708291096,136.797071046195,0.0026329659342153398
9,2,10,0.1277881834454455,4.259606114848179,115.65800810949399,0.00544332247022307
9,3,4,0.8735140774237466,29.117135914124884,105.6563022179985,5.673654223763711e-05
9,3,5,1.0682662205684352,35.60887401894784,127.51440445685651,7.25425087415798e-05
9,3,6,0.9773629072520306,32.57876357506768,146.0788676722585,0.000104181661010882
9,3,7,0.12374239599393899,4.124746533131294,126.9673285331815,0.007951838198228627
9,3,8,0.4753932584597741,15.84644194865913,108.48006994472951,0.0007934523685114332
9,3,9,0.8812106176037846,29.37368725345948,128.6201812617555,0.0024360508027502234
9,3,10,0.42251707290960616,14.083902430320205,107.4811183250545,0.005246407338757954
9,4,5,0.19475214314468867,6.4917381048229545,21.85810223885801,0.0001292790509792169
9,4,6,0.10384882982828392,3.4616276609427956,40.422565454259995,4.744511877324489e-05
9,4,7,0.7497716814298077,24.99238938099359,21.311026315183,0.00789510165599099
9,4,8,0.39812081896397256,13.270693965465753,2.823767726731006,0.0007367158262737961
9,4,9,0.007696540180037903,0.25655133933459595,22.963879043757004,0.0023793142605125863
9,4,10,0.4509970045141405,15.033233483804679,1.8248161070559945,0.005189670796520317
9,5,6,0.09090331331640475,3.030110443880159,18.564463215401986,0.0001767241697524618
9,5,7,0.9445238245744964,31.484127485816543,0.5470759236750098,0.008024380706970207
9,5,8,0.5928729621086613,19.762432070288707,19.034334512127003,0.0008659948772530131
9,5,9,0.18705560296465076,6.235186765488359,1.1057768048989942,0.002508593311491803
9,5,10,0.6457491476588292,21.524971588627633,20.033286131802015,0.005318949847499534
9,6,7,0.8536205112580916,28.454017041936385,19.111539139076996,0.007847656537217746
9,6,8,0.5019696487922565,16.73232162640855,37.59879772752899,0.0006892707075005513
9,6,9,0.09615228964824601,3.2050763216081997,17.45868641050299,0.002331869141739341
9,6,10,0.5548458343424244,18.494861144747475,38.597749347204,0.005142225677747072
9,7,8,0.3516508624658351,11.721695415527837,18.487258588451994,0.007158385829717194
9,7,9,0.7574682216098456,25.248940720328186,1.652852728574004,0.005515787395478405
9,7,10,0.29877467691566717,9.95915589718891,19.486210208127005,0.0027054308594706734
9,8,9,0.40581735914401046,13.52724530480035,20.140111317025998,0.00164259843423879
9,8,10,0.05287618555016793,1.7625395183389259,0.9989516196750117,0.0044529549702465206
9,9,10,0.4586935446941784,15.289784823139275,21.13906293670101,0.002810356536007731
10,1,2,0.7344111676921663,24.480372256405545,7.066149482343505,0.002030535782339601
10,1,3,0.39668963336216395,13.222987778738801,19.02018205352161,0.002300564635964591
10,1,4,0.3087573165674739,10.291910552249131,21.4641560796034,0.002099915742572552
10,1,5,0.201419981686856,6.713999389561863,34.5602978985964,0.0029827310291630524
10,1,6,10.07662532334984,21.508672068257404,77.5909639295214,0.007909764493145708
10,1,7,0.2828256855842997,9.42752285280999,39.5311733166524,0.001003421171786601
10,1,8,0.08729394758604109,2.909798252868036,42.733480519196405,0.0004819451285509572
10,1,9,0.04631337080008169,1.5437790266693892,77.1618125255024,2.0062939845267745e-05
10,1,10,1.0929405084790673,36.43135028263558,105.19317446813841,0.0038658867351391564
10,2,3,0.3377215343300023,11.257384477666744,11.954032571178104,0.00027002885362499
10,2,4,0.42565385112469234,14.188461704156413,14.398006597259894,6.937996023295093e-05
10,2,5,0.5329911860053103,17.766372866843682,27.494148416252898,0.0009521952468234513
10,2,6,9.342214155657672,2.971700188148141,70.52481444717789,0.005879228710806107
10,2,7,0.45158548210786653,15.052849403595555,32.465023834308894,0.001027114610553
10,2,8,0.8217051152782073,27.39017050927358,35.6673310368529,0.001548590653788644
10,2,9,0.7807245384922479,26.024151283074936,70.0956630431589,0.002050598722184869
10,2,10,0.358529340786901,11.950978026230032,98.1270249857949,0.0018353509527995553
10,3,4,0.08793231679469005,2.93107722648967,2.44397402608179,0.00020064889339203905
10,3,5,0.19526965167530796,6.508988389176938,15.540115845074794,0.0006821663931984613
10,3,6,9.679935689987675,8.285684289518603,58.570781875999785,0.0056091998571811165
10,3,7,0.11386394777786424,3.795464925928812,20.51099126313079,0.00129714346417799
10,3,8,0.48398358094820504,16.132786031606837,23.713298465674796,0.001818619507413634
10,3,9,0.44300300416224564,14.76676680540819,58.14163047198079,0.002320627575809859
10,3,10,0.6962508751169033,23.208362503896776,86.1729924146168,0.0015653220991745653
10,4,5,0.10733733488061792,3.5779111626872684,13.096141818993004,0.0008828152865905004
10,4,6,9.767868006782365,11.216761516008273,56.126807849917995,0.005809848750573155
10,4,7,0.025931630983174192,0.864387699439142,18.067017237049,0.001096494570785951
10,4,8,0.396051264153515,13.201708805117168,21.269324439593007,0.001617970614021595
10,4,9,0.3550706873675556,11.83568957891852,55.697656445899,0.00211997868241782
10,4,10,0.7841831919115934,26.139439730386446,83.72901838853501,0.0017659709925666044
10,5,6,9.875205341662983,14.794672678695541,43.03066603092499,0.004927033463982655
10,5,7,0.08140570389744373,2.7135234632481264,4.970875418055996,0.0019793098573764514
10,5,8,0.2887139292728971,9.6237976424299,8.173182620600002,0.0025007859006120955
10,5,9,0.24773335248693767,8.257778416231252,42.601514626905995,0.0030027939690083203
10,5,10,0.8915205267922113,29.717350893073714,70.632876569542,0.000883155705976104
10,6,7,9.79379963776554,12.081149215447414,38.059790612868994,0.0069063433213591065
10,6,8,10.16391927093588,24.41847032112544,34.85748341032499,0.007427819364594751
10,6,9,10.122938694149921,23.052451094926795,0.4291514040189952,0.007929827432990975
10,6,10,8.983684814870772,14.922678214378173,27.602210538617015,0.004043877758006551
10,7,8,0.3701196331703408,12.337321105678026,3.202307202544006,0.0005214760432356439
10,7,9,0.3291390563843814,10.971301879479379,37.63063920885,0.001023484111631869
10,7,10,0.8101148228947676,27.003827429825588,65.66200115148601,0.0028624655633525554
10,8,9,0.0409805767859594,1.366019226198647,34.42833200630599,0.000502008068396225
10,8,10,1.1802344560651084,39.34114853550361,62.459693948942004,0.0033839416065881995
10,9,10,1.139253879279149,37.97512930930497,28.03136194263601,0.0038859496749844243
11,1,2,0.2819793018107575,9.399310060358587,5.891671503636893,4.236543430358891e-06
11,1,3,0.8676594844849179,28.921982816163936,54.874244541294395,0.000135527219031543
11,1,4,0.08180417696415776,2.72680589880526,15.890233422109894,0.0029049358991572634
11,1,5,0.17527021210144667,5.842340403381563,8.7657479774089,0.0005451574105866733
11,1,6,0.25878217709062534,8.626072569687516,24.982397009777806,0.0011297761879363714
11,1,7,0.6199459045611546,20.664863485371825,117.7159888266464,0.006064123750213017
11,1,8,0.8590578239643046,28.63526079881016,142.5680134101654,0.0032785885942414493
11,1,9,1.0964561335480452,36.548537784934844,170.3833993885264,0.0015075494829381944
11,1,10,0.008070697121083104,0.26902323736943856,45.711864387842404,0.004268644816243346
11,2,3,0.5856801826741604,19.52267275580535,48.9825730376575,0.0001312906756011841
11,2,4,0.36378347877491524,12.126115959163847,9.998561918473001,0.002900699355726904
11,2,5,0.10670908970931081,3.5569696569770244,2.874076473772007,0.0005409208671563144
11,2,6,0.023197124720132134,0.7732374906710717,19.090725506140913,0.0011255396445060124
11,2,7,0.33796660275039714,11.265553425013238,111.8243173230095,0.006059887206782659
11,2,8,0.5770785221535472,19.235950738451574,136.6763419065285,0.0032743520508110905
11,2,9,0.8144768317372877,27.149227724576257,164.4917278848895,0.0015033129395078354
11,2,10,0.2739086046896744,9.130286822989149,39.82019288420551,0.004264408272812987
11,3,4,0.9494636614490757,31.648788714969196,38.9840111191845,0.00276940868012572
11,3,5,0.6923892723834713,23.079642412782373,46.108496563885495,0.0004096301915551303
11,3,6,0.6088773073942926,20.29591024647642,29.89184753151659,0.0009942489689048284
11,3,7,0.2477135799237633,8.257119330792111,62.84174428535199,0.005928596531181474
11,3,8,0.008601660520613286,0.28672201735377456,87.693768868871,0.0031430613752099065
11,3,9,0.2287966490631273,7.6265549687709075,115.50915484723201,0.0013720222639066514
11,3,10,0.8595887873638348,28.652959578794498,9.162380153451991,0.004133117597211803
11,4,5,0.2570743890656044,8.569146302186823,7.124485444700994,0.00235977848857059
11,4,6,0.3405863540547831,11.352878468492776,9.092163587667912,0.0017751597112208918
11,4,7,0.7017500815253124,23.391669384177085,101.8257554045365,0.003159187851055754
11,4,8,0.9408620009284624,31.362066697615422,126.6777799880555,0.0003736526950841863
11,4,9,1.178260310512203,39.275343683740104,154.4931659664165,0.0013973864162190688
11,4,10,0.08987487408524086,2.9958291361746987,29.82163096573251,0.0013637089170860828
11,5,6,0.08351196498917868,2.7837321663059527,16.216649032368906,0.0005846187773496981
11,5,7,0.44467569245970795,14.822523081990262,108.95024084923749,0.005518966339626344
11,5,8,0.683787611862858,22.7929203954286,133.80226543275649,0.002733431183654776
11,5,9,0.9211859214465985,30.70619738155328,161.6176514111175,0.0009623920723515211
11,5,10,0.16719951498036356,5.573317166012124,36.946116410433504,0.0037234874056566725
11,6,7,0.36116372747052927,12.03879091568431,92.73359181686858,0.004934347562276646
11,6,8,0.6002756468736793,20.009188229122646,117.5856164003876,0.002148812406305078
11,6,9,0.8376739564574198,27.92246521524733,145.40100237874861,0.00037777329500182297
11,6,10,0.25071147996954224,8.357049332318077,20.729467378064598,0.0031388686283069745
11,7,8,0.23911191940315002,7.970397313438337,24.85202458351901,0.0027855351559715677
11,7,9,0.4765102289868906,15.883674299563019,52.66741056188002,0.004556574267274823
11,7,10,0.6118752074400715,20.395840248002386,72.00412443880398,0.0017954789339696712
11,8,9,0.23739830958374059,7.913276986124682,27.815385978361007,0.001771039111303255
11,8,10,0.8509871268432215,28.366237561440723,96.856149022323,0.0009900562220018965
11,9,10,1.088385436426962,36.279514547565405,124.671535000684,0.0027610953333051516
12,1,2,0.34210744880181404,11.403581626727135,8.854486059624094,0.0004966547834023868
12,1,3,0.20225654867199416,6.741884955733138,9.34881094233181,8.378723393679798e-05
12,1,4,0.16664842679618452,5.554947559872819,34.94018278917531,0.0033614697014533205
12,1,5,0.37665473430741225,12.555157810247076,43.23483392035931,0.00036004276665667703
12,1,6,18.10003230240347,18.03770974164439,99.98539676155131,0.007014466263056696
12,1,7,0.4087033740021586,13.623445800071948,55.27079306301131,0.0056767531747932585
12,1,8,0.35597699925838966,11.865899975279653,52.7089971033143,0.002824430232329884
12,1,9,0.03197238757898491,1.065746252632831,105.0823785701643,0.000407729199846045
12,1,10,0.23156894367292336,7.718964789097441,109.9608622358743,0.0026755303300526525
12,2,3,0.13985090012981988,4.661696670993997,18.203297001955903,0.00041286754946558884
12,2,4,0.5087558755979986,16.958529186599954,43.794668848799404,0.0038581244848557073
12,2,5,0.03454728550559821,1.151576183519941,52.0893199799834,0.0008566975500590638
12,2,6,18.442139751205286,29.441291368371527,108.83988282117541,0.007511121046459082
12,2,7,0.7508108228039727,25.027027426799084,64.1252791226354,0.006173407958195645
12,2,8,0.6980844480602038,23.26948160200679,61.5634831629384,0.0033210850157322706
12,2,9,0.31013506122282913,10.337835374094304,113.93686462978839,0.0009043839832484318
12,2,10,0.5736763924747375,19.122546415824576,118.8153482954984,0.0031721851134550393
12,3,4,0.3689049754681787,12.296832515605956,25.5913718468435,0.0034452569353901185
12,3,5,0.1743981856354181,5.813272854513938,33.8860229780275,0.000443830000593475
12,3,6,18.302288851075463,24.77959469737753,90.6365858192195,0.007098253496993494
12,3,7,0.6109599226741528,20.365330755805086,45.9219821206795,0.0057605404087300565
12,3,8,0.5582335479303838,18.60778493101279,43.360186160982494,0.0029082174662666818
12,3,9,0.17028416109300926,5.676138703100307,95.73356762783249,0.000491516433782843
12,3,10,0.4338254923449175,14.460849744830579,100.61205129354249,0.0027593175639894505
12,4,5,0.5433031611035968,18.110105370119896,8.294651131183997,0.0030014269347966435
12,4,6,17.933383875607284,12.482762181771573,65.045213972376,0.0036529965616033753
12,4,7,0.2420549472059741,8.06849824019913,20.330610273836,0.002315283473339938
12,4,8,0.18932857246220514,6.310952415406835,17.768814314138993,0.0005370394691234367
12,4,9,0.19862081437516943,6.62069381250565,70.14219578098898,0.0029537405016072755
12,4,10,0.06492051687673883,2.1640172292246227,75.02067944669899,0.000685939371400668
12,5,6,18.47668703671088,30.592867551891466,56.75056284119201,0.006654423496400019
12,5,7,0.7853581083095709,26.178603610319023,12.035959142652004,0.0053167104081365815
12,5,8,0.7326317335658019,24.421057785526727,9.474163182954996,0.0024643874656732068
12,5,9,0.34468234672842735,11.489411557614245,61.84754464980499,4.7686433189367966e-05
12,5,10,0.6082236779803356,20.274122599344516,66.726028315515,0.0023154875633959755
12,6,7,17.69132892840131,4.414263941572443,44.71460369854,0.0013377130882634373
12,6,8,17.744055303145082,6.171809766364738,47.27639965823701,0.004190036030726812
12,6,9,18.132004689982455,19.103455994277223,5.096981808612981,0.006606737063210651
12,6,10,17.868463358730548,10.31874495254695,9.975465474322988,0.004338935933004043
12,7,8,0.052726374743768956,1.7575458247922953,2.561795959697008,0.0028523229424633747
12,7,9,0.4406757615811435,14.68919205270478,49.811585507152984,0.0052690239749472135
12,7,10,0.17713443032923526,5.904481010974507,54.69006917286299,0.003001222844740606
12,8,9,0.38794938683737457,12.931646227912484,52.37338146684999,0.002416701032483839
12,8,10,0.1244080555854663,4.146935186182212,57.25186513256,0.0001488999022772313
12,9,10,0.26354133125190826,8.784711041730272,4.878483665710007,0.0022678011302066075
13,1,2,0.08876065406681388,2.9586884688937936,3.581475360161207,0.00019199154427792836
13,1,3,0.6745324244933426,22.48441414977809,53.134450704993796,7.129230916190542e-05
13,1,4,0.22719226510186996,7.573075503395664,13.608015777661606,0.0012445123539341716
13,1,5,0.7323531233186382,24.41177077728794,8.742383370279498,0.00032487190394027204
13,1,6,0.1216446520520924,4.054821735069751,23.242154401217405,0.0008528051628800365
13,1,7,0.3432196213829327,11.440654046097759,141.3570637332778,0.004139111575559211
13,1,8,0.5934246030630297,19.78082010210099,55.141163865013795,0.0014472887733042593
13,1,9,0.6489382516067483,21.631275053558277,169.1724780273048,0.0018327920099050592
13,1,10,6.997597131775513,0.159597146923943,116.50512247317081,0.008005202147730223
13,2,3,0.7632930785601566,25.443102618671883,49.55297534483259,0.0002632838534398338
13,2,4,0.31595291916868384,10.531763972289458,10.0265404175004,0.001052520809656243
13,2,5,0.821113777385452,27.37045924618173,5.160908010118291,0.0005168634482182004
13,2,6,0.2104053061189063,7.013510203963545,19.6606790410562,0.0006608136186021081
13,2,7,0.4319802754497466,14.399342514991552,137.7755883731166,0.003947120031281282
13,2,8,0.6821852571298436,22.739508570994783,51.55968850485259,0.0012552972290263312
13,2,9,0.7376989056735621,24.589963522452067,165.59100266714358,0.001640800465627131
13,2,10,6.908836477708699,2.7990913219698506,112.92364711300961,0.007813210603452294
13,3,4,0.4473401593914727,14.911338646382426,39.52643492733219,0.001315804663096077
13,3,5,0.0578206988252955,1.92735662750985,44.3920673347143,0.0002535795947783666
13,3,6,0.5528877724412502,18.42959241470834,29.89229630377639,0.0009240974720419419
13,3,7,0.33131280311040995,11.04376010368033,88.22261302828402,0.004210403884721116
13,3,8,0.08110782143031298,2.7035940476771003,2.0067131600199986,0.0015185810824661647
13,3,9,0.02559417288659438,0.8531390962198149,116.03802732231101,0.0019040843190669646
13,3,10,7.672129556268856,22.644011296702033,63.37067176817702,0.008076494456892128
13,4,5,0.5051608582167681,16.838695273892277,4.865632407382108,0.0015693842578744434
13,4,6,0.10554761304977756,3.5182537683259127,9.634138623555799,0.000391707191054135
13,4,7,0.11602735628106275,3.867578542702095,127.7490479556162,0.00289459922162504
13,4,8,0.3662323379611597,12.207744598705325,41.53314808735219,0.00020277641937008792
13,4,9,0.4217459865048783,14.05819955016261,155.5644622496432,0.0005882796559708878
13,4,10,7.224789396877384,7.732672650319607,102.89710669550921,0.006760689793796052
13,5,6,0.6107084712665458,20.35694904221819,14.499771030937907,0.0011776770668203084
13,5,7,0.38913350193570545,12.97111673119018,132.6146803629983,0.004463983479499483
13,5,8,0.13892852025560848,4.63095067518695,46.3987804947343,0.0017721606772445313
13,5,9,0.08341487171188988,2.780495723729665,160.4300946570253,0.002157663913845331
13,5,10,7.729950255094152,24.571367924211884,107.76273910289132,0.008330074051670496
13,6,7,0.2215749693308403,7.3858323110280075,118.1149093320604,0.003286306412679175
13,6,8,0.4717799510109373,15.725998367031238,31.89900946379639,0.0005944836104242229
13,6,9,0.5272935995546559,17.576453318488525,145.9303236260874,0.0009799868470250228
13,6,10,7.119241783827606,4.214418881993694,93.26296807195341,0.007152396984850187
13,7,8,0.25020498168009697,8.34016605600323,86.21589986826402,0.0026918228022549517
13,7,9,0.30571863022381557,10.190621007460516,27.815414294026994,0.002306319565654152
13,7,10,7.340816753158446,11.600251193021702,24.851941260106997,0.003866090572171012
13,8,9,0.0555136485437186,1.8504549514572854,114.03131416229101,0.00038550323660079986
13,8,10,7.591021734838543,19.940417249024932,61.36395860815702,0.006557913374425964
13,9,10,7.646535383382262,21.79087220048222,52.66735555413399,0.006172410137825164
14,1,2,1.01861165228388,33.953721742796006,1.666757131303413,0.0008054327205952455
14,1,3,0.5541320310707369,18.4710677023579,56.9458617906091,0.0038933726364551273
14,1,4,0.2379737285972338,7.932457619907796,11.654429833359004,0.0013398959871688313
14,1,5,0.5674354059751165,18.914513532503882,8.6851157065486,0.0008629642101714894
14,1,6,0.19951528163470456,6.650509387823485,27.1710649279686,0.0005415951615234265
14,1,7,1.063754430351155,35.45848101170517,48.788164946413104,0.008111219166521412
14,1,8,0.42080913234811906,14.026971078270636,110.15822159584711,0.007010914238253409
14,1,9,25.73419553582565,27.546401642103014,135.0085312040431,0.009247358259676562
14,1,10,0.11861500762950405,3.9538335876501343,154.9571391638961,0.0016576867502817714
14,2,3,0.4644796212131429,15.482654040438103,55.27910465930569,0.0030879399158598815
14,2,4,0.7806379236866461,26.02126412288821,9.98767270205559,0.0005344632665735859
14,2,5,0.4511762463087634,15.039208210292124,7.018358575245188,5.75314895762439e-05
14,2,6,1.2181269339185845,40.60423113061949,25.504307796665188,0.00026383755907181895
14,2,7,0.04514277806727507,1.5047592689091616,47.12140781510969,0.007305786445926167
14,2,8,0.5978025199357608,19.92675066452537,108.4914644645437,0.006205481517658163
14,2,9,24.71558388354177,6.407320100692992,133.3417740727397,0.008441925539081317
14,2,10,1.137226659913384,37.90755533044614,153.2903820325927,0.000852254029686526
14,3,4,0.3161583024735032,10.538610082450106,45.2914319572501,0.0025534766492862956
14,3,5,0.013303374904379495,0.44344583014597916,48.2607460840605,0.003030408426283638
14,3,6,0.7536473127054415,25.121577090181386,29.7747968626405,0.0033517774749317005
14,3,7,0.509622399280418,16.987413309347264,8.157696844195996,0.004217846530066286
14,3,8,0.13332289872261793,4.4440966240872655,53.21235980523801,0.003117541601798282
14,3,9,25.180063504754912,9.07533393974511,78.06266941343401,0.005353985623221436
14,3,10,0.672747038700241,22.424901290008037,98.01127737328702,0.0022356858861733555
14,4,5,0.3294616773778827,10.982055912596085,2.969314126810403,0.000476931776997342
14,4,6,0.43748901023193837,14.58296700773128,15.516635094609597,0.0007983008256454049
14,4,7,0.8257807017539212,27.52602339179737,37.1337351130541,0.0067713231793525815
14,4,8,0.18283540375088525,6.09451345836284,98.5037917624881,0.0056710182510845775
14,4,9,25.496221807228416,19.613944022195216,123.3541013706841,0.007907462272507732
14,4,10,0.35658873622673787,11.88629120755793,143.3027093305371,0.0003177907631129401
14,5,6,0.7669506876098211,25.565022920327365,18.48594922142,0.00032136904864806285
14,5,7,0.4963190243760385,16.543967479201285,40.103049239864504,0.007248254956349924
14,5,8,0.14662627362699743,4.887542454233245,101.47310588929851,0.00614795002808192
14,5,9,25.166760129850534,8.631888109599132,126.32341549749451,0.008384394049505074
14,5,10,0.6860504136046206,22.868347120154013,146.27202345734753,0.0007947225401102821
14,6,7,1.2632697119858596,42.10899039952865,21.617100018444503,0.007569624004997987
14,6,8,0.6203244139828237,20.67748046609412,82.98715666787851,0.006469319076729983
14,6,9,25.933710817460355,34.1969110299265,107.83746627607451,0.008705763098153137
14,6,10,0.0809002740052005,2.6966758001733506,127.78607423592752,0.001116091588758345
14,7,8,0.6429452980030359,21.43150993343453,61.370056649434005,0.001100304928268004
14,7,9,24.670441105474495,7.912079369602154,86.22036625763,0.0011361390931551498
14,7,10,1.182369437980659,39.4123145993553,106.16897421748301,0.006453532416239641
14,8,9,25.31338640347753,13.519430563832376,24.850309608196,0.002236444021423154
14,8,10,0.5394241399776232,17.980804665920772,44.798917568049006,0.005353227487971637
14,9,10,25.852810543455153,31.500235229753144,19.948607959853007,0.007589671509394791
15,1,2,0.005465695747086885,0.18218985823623157,9.085880571620201,9.163213591752606e-05
15,1,3,0.6090769675847104,20.302565586157016,25.768609675576798,0.002662307754475293
15,1,4,0.11484412407618538,3.828137469206183,93.30976398075491,0.0053987103335549165
15,1,5,0.01777805520462883,0.5926018401542912,151.78346865686387,0.006123318909563501
15,1,6,0.2965716014574601,9.885720048582002,109.89472952521889,0.004863778991384596
15,1,7,0.20937060021907106,6.979020007302363,86.3724347530299,0.0036349935300511674
15,1,8,0.04591899670505961,1.5306332235019866,112.2722247063209,0.0008150113479457541
15,1,9,0.06445827521970338,2.1486091739901134,111.65853638796189,0.001972048326918749
15,1,10,0.6278124387930702,20.92708129310234,106.07050248757291,5.7445787345292306e-05
15,2,3,0.6036112718376235,20.120375727920784,16.682729103956596,0.002570675618557767
15,2,4,0.1093784283290985,3.6459476109699516,84.22388340913471,0.005307078197637391
15,2,5,0.023243750951715714,0.7747916983905228,142.6975880852437,0.006031686773645975
15,2,6,0.302037297204547,10.067909906818233,100.8088489535987,0.00477214685546707
15,2,7,0.21483629596615794,7.161209865538595,77.28655418140971,0.0035433613941336416
15,2,8,0.040453300957972727,1.348443365265755,103.1863441347007,0.000723379212028228
15,2,9,0.06992397096679026,2.330799032226345,102.5726558163417,0.001880416191001223
15,2,10,0.6332781345401571,21.10927115133857,96.98462191595272,0.00014907792326281837
15,3,4,0.49423284350852503,16.474428116950833,67.54115430517811,0.0027364025790796234
15,3,5,0.6268550227893392,20.895167426311307,126.01485898128709,0.003461011155088208
15,3,6,0.9056485690421705,30.188285634739017,84.1261198496421,0.002201471236909303
15,3,7,0.8184475678037815,27.28158559345938,60.60382507745311,0.0009726857755758744
15,3,8,0.5631579708796508,18.77193236265503,86.5036150307441,0.001847296406529539
15,3,9,0.6735352428044138,22.45117476014713,85.88992671238509,0.0006902594275565439
15,3,10,1.2368894063777807,41.229646879259356,80.30189281199611,0.0027197535418205855
15,4,5,0.1326221792808142,4.420739309360474,58.47370467610898,0.0007246085760085844
15,4,6,0.41141572553364547,13.713857517788185,16.584965544463984,0.0005349313421703205
15,4,7,0.32421472429525644,10.807157476508547,6.937329227725002,0.001763716803503749
15,4,8,0.06892512737112577,2.2975042457041965,18.96246072556599,0.004583698985609163
15,4,9,0.17930239929588876,5.976746643196297,18.34877240720698,0.0034266620066361673
15,4,10,0.7426565628692556,24.755218762308523,12.760738506818,0.0054561561209002084
15,5,6,0.27879354625283126,9.29311820842771,41.888739131644996,0.001259539918178905
15,5,7,0.19159254501444223,6.386418167148072,65.41103390383398,0.0024883253795123335
15,5,8,0.06369705190968844,2.123235063656278,39.51124395054299,0.005308307561617747
15,5,9,0.04668022001507455,1.5560073338358222,40.124932268902,0.004151270582644752
15,5,10,0.6100343835884414,20.33447945294805,45.71296616929098,0.006180764696908793
15,6,7,0.08720100123838903,2.906700041279638,23.522294772188985,0.0012287854613334285
15,6,8,0.3424905981625197,11.416353272083988,2.377495181102006,0.004048767643438842
15,6,9,0.2321133262377567,7.737110874591888,1.763806862742996,0.002891730664465847
15,6,10,0.33124083733561016,11.041361244520338,3.824227037645983,0.004921224778729888
15,7,8,0.25528959692413067,8.50965323080435,25.89978995329099,0.0028199821821054136
15,7,9,0.14491232499936768,4.83041083331225,25.28610163493198,0.0016629452031324183
15,7,10,0.4184418385739992,13.948061285799977,19.698067734543002,0.00369243931739646
15,8,9,0.11037727192476299,3.6792423974921,0.61368831835901,0.001157036978972995
15,8,10,0.6737314354981299,22.457714516604327,6.201722218747989,0.0008724571352910464
15,9,10,0.5633541635733669,18.778472119112227,5.588033900388979,0.0020294941142640415
16,1,2,0.09432294432130206,3.1440981440433973,0.3264570784825054,0.0006713341490259149
16,1,3,0.9261578275142583,30.871927583808617,10.657041993550195,0.002407651270596131
16,1,4,0.36754530388466644,12.251510129488882,28.791913269075195,0.0011751947535465499
16,1,5,0.9689168471295342,32.29722823765114,36.0247533324182,0.002091974790777037
16,1,6,43.81463869250633,6.932332401954575,71.90077792638219,0.0058703179583927826
16,1,7,0.7358284894797217,24.527616315990727,52.6622823954762,0.0016438611051908221
16,1,8,0.22527354082831552,7.509118027610519,55.1922432595632,0.0031348916868172297
16,1,9,0.13405136837509146,4.468378945836385,109.90577109791319,0.0017592559800874655
16,1,10,0.07781998357354603,2.593999452451534,34.0381139434042,0.00334032598217459
16,2,3,1.0204807718355604,34.01602572785201,10.33058491506769,0.0017363171215702162
16,2,4,0.4618682482059685,15.395608273532279,28.46545619059269,0.0018465289025724647
16,2,5,1.0632397914508362,35.44132638169454,35.698296253935695,0.0014206406417511222
16,2,6,43.72031574818503,10.076430545997972,71.57432084789968,0.006541652107418697
16,2,7,0.8301514338010237,27.671714460034124,52.33582531699369,0.0009725269561649073
16,2,8,0.3195964851496176,10.653216171653916,54.86578618108069,0.0038062258358431446
16,2,9,0.22837431269639352,7.612477089879782,109.57931401943068,0.0024305901291133804
16,2,10,0.17214292789484809,5.7380975964949315,33.71165686492169,0.004011660131200505
16,3,4,0.558612523629592,18.620417454319735,18.134871275525,0.0035828460241426807
16,3,5,0.04275901961527573,1.425300653842525,25.367711338868006,0.00031567647981909394
16,3,6,44.74079652002059,23.939595181854042,61.243735932831996,0.008277969228988914
16,3,7,0.19032933803453672,6.34431126781789,42.005240401926,0.0007637901654053089
16,3,8,0.7008842866859428,23.362809556198098,44.535201266013004,0.0055425429574133605
16,3,9,0.7921064591391669,26.403548637972232,99.248729104363,0.004166907250683596
16,3,10,0.8483378439407123,28.277928131357083,23.381071949854004,0.005747977252770721
16,4,5,0.6013715432448676,20.045718108162262,7.232840063343005,0.003267169544323587
16,4,6,44.182183996391,5.319177727534306,43.108864657306995,0.004695123204846233
16,4,7,0.36828318559505524,12.276106186501845,23.870369126401002,0.002819055858737372
16,4,8,0.14227176305635092,4.742392101878362,26.400329990488004,0.00195969693327068
16,4,9,0.23349393550957498,7.783131183652497,81.113857828838,0.0005840612265409157
16,4,10,0.2897253203111204,9.657510677037347,5.246200674329003,0.00216513122862804
16,5,6,44.78355553963586,25.364895835696565,35.87602459396399,0.00796229274916982
16,5,7,0.23308835764981245,7.769611921660415,16.637529063057997,0.00044811368558621495
16,5,8,0.7436433063012187,24.78811021004062,19.167489927145,0.005226866477594266
16,5,9,0.8348654787544427,27.828849291814755,73.88101776549499,0.0038512307708645026
16,5,10,0.8910968635559882,29.703228785199606,1.9866393890140017,0.005432300772951627
16,6,7,44.55046718198605,17.595283914036152,19.238495530905993,0.007514179063583605
16,6,8,44.03991223333465,0.576785625655944,16.70853466681899,0.002735426271575553
16,6,9,43.94869006088142,2.4639534561181904,38.004993171531,0.004111061978305317
16,6,10,43.892458676079876,4.338332949503041,37.86266398297799,0.0025299919762181928
16,7,8,0.5105549486514062,17.018498288380208,2.529960864087002,0.004778752792008052
16,7,9,0.6017771211046302,20.059237370154342,57.24348870243699,0.0034031170852782877
16,7,10,0.6580085059061757,21.933616863539193,18.624168452072,0.004984187087365412
16,8,9,0.09122217245322406,3.0407390817741344,54.71352783834999,0.0013756357067297642
16,8,10,0.1474535572547695,4.915118575158985,21.154129316159,0.0002054342953573601
16,9,10,0.056231384801545437,1.8743794933848505,75.86765715450899,0.0015810700020871243
17,1,2,1.0911657138953104,36.372190463177006,10.791881467633502,0.00045628245546365894
17,1,3,0.16533861066762878,5.51128702225429,17.638908364124504,0.00014879566710689882
17,1,4,0.09494332620261764,3.1647775400872558,5.398821704125098,7.100785945262175e-05
17,1,5,0.6036005566380421,20.1200185546014,21.7874570989745,0.0005993000659437948
17,1,6,0.3552948061738318,11.843160205794392,8.827285407976404,1.0699720588166502e-05
17,1,7,0.9747658761882974,32.49219587294324,77.4659581230235,0.0007066685578770919
17,1,8,0.945689210246347,31.52297367487823,87.04218379050751,0.004566483041909629
17,1,9,0.2826872282702054,9.422907609006847,31.998281572741504,0.0009944517358508845
17,1,10,10.842123432414795,38.03213021012317,204.30110085574853,0.00837563907238118
17,2,3,0.9258271032276816,30.86090344092272,6.847026896491002,0.0003074867883567601
17,2,4,1.186109040097928,39.53696800326426,5.393059763508404,0.0005272903149162807
17,2,5,0.48756515725726823,16.252171908575605,10.995575631340998,0.0001430176104801358
17,2,6,0.7358709077214786,24.529030257382615,1.9645960596570973,0.00046698217605182547
17,2,7,0.11639983770701301,3.879994590233764,66.67407665539,0.0002503861024134329
17,2,8,0.14547650364896336,4.849216788298776,76.250302322874,0.00411020058644597
17,2,9,0.8084784856251049,26.94928285417016,21.206400105108003,0.0005381692803872256
17,2,10,9.750957718519484,1.659939746946165,193.509219388115,0.007919356616917521
17,3,4,0.2602819368702464,8.676064562341546,12.240086659999406,0.00021980352655952056
17,3,5,0.43826194597041335,14.608731532347113,4.148548734849996,0.0004505043988368959
17,3,6,0.18995619550620302,6.331873183540102,8.8116229561481,0.00015949538769506532
17,3,7,0.8094272655206686,26.980908850688955,59.827049758898994,0.000557872890770193
17,3,8,0.7803505995787182,26.011686652623943,69.403275426383,0.0044176873748027305
17,3,9,0.11734861760257664,3.911620586752557,14.359373208617,0.0008456560687439857
17,3,10,10.676784821747166,32.520843187868884,186.662192491624,0.00822684340527428
17,4,5,0.6985438828406598,23.28479609468866,16.388635394849402,0.0006703079253964165
17,4,6,0.45023813237644944,15.007937745881648,3.428463703851307,6.030813886445525e-05
17,4,7,1.069709202390915,35.6569734130305,72.0671364188984,0.0007776764173297136
17,4,8,1.0406325364489646,34.68775121496549,81.64336208638241,0.004637490901362251
17,4,9,0.37763055447282307,12.587685149094103,26.599459868616407,0.0010654595953035063
17,4,10,10.937066758617412,41.19690775021043,198.90227915162342,0.008446646931833801
17,5,6,0.24830575046421033,8.27685834880701,12.960171690998095,0.0006099997865319613
17,5,7,0.3711653195502552,12.37217731834184,55.678501024049,0.0001073684919332971
17,5,8,0.34208865360830487,11.402955120276829,65.25472669153301,0.003967182975965835
17,5,9,0.3209133283678367,10.697110945594556,10.210824473767005,0.0003951516699070898
17,5,10,10.238522875776752,17.91211165552177,182.513643756774,0.0077763390064373855
17,6,7,0.6194710700144656,20.64903566714885,68.6386727150471,0.0007173682784652584
17,6,8,0.5903944040725152,19.67981346908384,78.2148983825311,0.004577182762497796
17,6,9,0.07260757790362637,2.4202525967875452,23.1709961647651,0.001005151456439051
17,6,10,10.486828626240962,26.18897000432878,195.4738154477721,0.008386338792969347
17,7,8,0.029076665941950353,0.9692221980650118,9.57622566748401,0.003859814484032537
17,7,9,0.6920786479180919,23.069288263936397,45.46767655028199,0.0002877831779737927
17,7,10,9.867357556226498,5.539934337179929,126.83514273272502,0.007668970514504088
17,8,9,0.6630019819761416,22.100066065871385,55.043902217766004,0.0035720313060587446
17,8,10,9.896434222168448,6.509156535244941,117.25891706524101,0.003809156030471551
17,9,10,10.559436204144589,28.609222601116326,172.302819283007,0.007381187336530296
18,1,2,0.3025880429736544,10.086268099121813,31.008972451290298,0.0020111235637556807
18,1,3,0.047186209222896736,1.5728736407632233,22.229791956986197,0.0006782756506916917
18,1,4,0.8709197380769399,29.030657935898006,43.3440426675354,0.0065271077115788565
18,1,5,0.17051852775343562,5.683950925114523,62.6176340464014,0.0019707714069320576
18,1,6,0.33210974530951615,11.070324843650539,78.32127105187539,0.0004877083187697298
18,1,7,0.19464194951494107,6.488064983831364,86.15773750649339,0.00374920474833942
18,1,8,0.9469679299862198,31.565597666207324,51.4514642358394,0.005004129108542797
18,1,9,0.8110252279549733,27.03417426516578,125.83850809108739,0.004633432911660452
18,1,10,0.6178817447777211,20.596058159257367,111.72347907686839,0.0019875830538940427
18,2,3,0.3497742521965511,11.659141739885037,8.7791804943041,0.001332847913063989
18,2,4,0.5683316951032855,18.944389836776192,12.3350702162451,0.004515984147823176
18,2,5,0.47310657072709,15.770219024236336,31.6086615951111,4.035215682362311e-05
18,2,6,0.6346977882831706,21.156592942772352,47.312298600585095,0.001523415244985951
18,2,7,0.10794609345871331,3.598203115290449,55.1487650552031,0.0017380811845837392
18,2,8,0.6443798870125654,21.47932956708551,20.442491784549105,0.002993005544787116
18,2,9,0.508437184981319,16.947906166043968,94.8295356397971,0.002622309347904771
18,2,10,0.3152937018040667,10.509790060135554,80.7145066255781,2.3540509861637998e-05
18,3,4,0.9181059472998366,30.60353157666123,21.1142507105492,0.005848832060887165
18,3,5,0.12333231853053889,4.1110772843513,40.3878420894152,0.001292495756240366
18,3,6,0.2849235360866194,9.497451202887316,56.091479094889195,0.00019056733192196191
18,3,7,0.2418281587378378,8.060938624594588,63.9279455495072,0.0030709290976477285
18,3,8,0.9941541392091165,33.138471306970544,29.221672278853205,0.004325853457851105
18,3,9,0.8582114371778701,28.607047905929004,103.6087161341012,0.0039551572609687604
18,3,10,0.6650679540006178,22.16893180002059,89.4936871198822,0.001309307403202351
18,4,5,1.0414382658303756,34.71460886101253,19.273591378866,0.0045563363046467985
18,4,6,1.203029483386456,40.100982779548545,34.977228384339995,0.006039399392809126
18,4,7,0.6762777885619988,22.54259295206664,42.813694838958,0.0027779029632394366
18,4,8,0.07604819190927992,2.5349397303093184,8.107421568304005,0.0015229786030360598
18,4,9,0.05989451012196656,1.9964836707322249,82.494465423552,0.0018936747999184047
18,4,10,0.25303799329921883,8.434599776640638,68.379436409333,0.004539524657684814
18,5,6,0.16159121755608052,5.386373918536015,15.703637005473993,0.0014830630881623279
18,5,7,0.3651604772683767,12.172015908945887,23.540103460092,0.0017784333414073623
18,5,8,1.1174864577396555,37.24954859132185,11.166169810561996,0.003033357701610739
18,5,9,0.981543755708409,32.718125190280304,63.220874044686,0.0026626615047283943
18,5,10,0.7884002725311567,26.28000908437189,49.105845030466995,1.681164696198511e-05
18,6,7,0.5267516948244573,17.558389827481903,7.836466454618005,0.00326149642956969
18,6,8,1.279077675295736,42.63592250985786,26.86980681603599,0.0045164207897730665
18,6,9,1.1431349732644895,38.10449910881632,47.517237039212006,0.0041457245928907226
18,6,10,0.9499914900872373,31.666383002907907,33.402208024993,0.001499874735124313
18,7,8,0.7523259804712787,25.07753268237596,34.706273270653995,0.0012549243602033768
18,7,9,0.6163832784400323,20.546109281334417,39.680770584594,0.000884228163321032
18,7,10,0.42323979526278,14.107993175426003,25.565741570374996,0.0017616216944453772
18,8,9,0.13594270203124648,4.531423401041543,74.387043855248,0.00037069619688234485
18,8,10,0.32908618520849875,10.969539506949957,60.27201484102899,0.003016546054648754
18,9,10,0.19314348317725227,6.4381161059084135,14.115029014219004,0.002645849857766409
19,1,2,0.0035831009061066954,0.11943669687022407,14.239081505848901,0.0005414691242098234
19,1,3,0.5021110761643024,16.737035872143416,11.964235933173995,0.0003542420378845292
19,1,4,0.7760656427144379,25.868854757147936,27.259531946212093,0.0001302907215238047
19,1,5,0.1603530793361747,5.3451026445391605,47.81545211679409,0.0005643940419156406
19,1,6,0.3093271574095311,10.310905246984369,23.58785505062029,0.0001880057700527942
19,1,7,0.6981319287064999,23.271064290216664,52.0968815610091,0.001018921091447395
19,1,8,1.075039860802963,35.834662026765436,115.42393461589009,0.001054359479457997
19,1,9,0.1944038873648235,6.4801295788274516,84.43741009766009,0.0003545370536864629
19,1,10,0.8482481661901413,28.27493887300471,103.5988670205011,0.0015033468790027578
19,2,3,0.5056941770704091,16.85647256901364,2.2748455726749057,0.0008957111620943526
19,2,4,0.7796487436205446,25.98829145401816,13.020450440363192,0.0006717598457336282
19,2,5,0.1639361802422814,5.464539341409385,33.57637061094519,2.2924917705817167e-05
19,2,6,0.3129102583156378,10.430341943854593,9.34877354477139,0.0007294748942626177
19,2,7,0.7017150296126066,23.390500987086888,37.8578000551602,0.00047745196723757155
19,2,8,1.0786229617090697,35.95409872363566,101.18485311004119,0.0005128903552481735
19,2,9,0.1979869882709302,6.599566275697676,70.19832859181119,0.00018693207052336049
19,2,10,0.851831267096248,28.394375569874935,89.3597855146522,0.0009618777547929344
19,3,4,0.2739545665501355,9.13181888500452,15.295296013038097,0.00022395131636072447
19,3,5,0.3417579968281277,11.391933227604255,35.851216183620096,0.0009186360798001697
19,3,6,0.1927839187547713,6.426130625159047,11.623619117446296,0.00016623626783173498
19,3,7,0.19602085254219748,6.534028418073248,40.1326456278351,0.0013731631293319242
19,3,8,0.5729287846386606,19.09762615462202,103.4596986827161,0.0014086015173425262
19,3,9,0.3077071887994789,10.256906293315964,72.4731741644861,0.0007087790915709921
19,3,10,0.3461370900258389,11.537903000861295,91.63463108732711,0.001857588916887287
19,4,5,0.6157125633782632,20.523752112608776,20.555920170582,0.0006946847634394452
19,4,6,0.4667384853049068,15.557949510163567,3.6716768955918013,5.771504852898949e-05
19,4,7,0.07793371400793803,2.597790466931272,24.837349614797006,0.0011492118129711997
19,4,8,0.2989742180885251,9.9658072696175,88.164402669678,0.0011846502009818017
19,4,9,0.5816617553496144,19.388725178320485,57.177878151448,0.0004848277752102676
19,4,10,0.07218252347570342,2.4060841158567747,76.33933507428901,0.0016336376005265626
19,5,6,0.1489740780733564,4.965802602445208,24.2275970661738,0.0007523998119684347
19,5,7,0.5377788493703252,17.925961645677503,4.281429444215007,0.0004545270495317544
19,5,8,0.9146867814667883,30.489559382226275,67.608482499096,0.0004899654375423564
19,5,9,0.034050808028648794,1.135026934288291,36.621957980866,0.00020985698822917765
19,5,10,0.6878950868539666,22.92983622846555,55.78341490370701,0.0009389528370871172
19,6,7,0.3888047712969688,12.960159043232295,28.509026510388807,0.0012069268615001892
19,6,8,0.7657127033934319,25.523756779781067,91.8360795652698,0.0012423652495107912
19,6,9,0.11492327004470759,3.8307756681569174,60.8495550470398,0.0005425428237392572
19,6,10,0.5389210087806102,17.964033626020342,80.01101196988081,0.001691352649055552
19,7,8,0.3769079320964631,12.563597736548772,63.32705305488099,3.5438388010601996e-05
19,7,9,0.5037280413416764,16.790934711389212,32.34052853665099,0.000664384037760932
19,7,10,0.15011623748364145,5.003874582788047,51.501985459492005,0.00048442578755536285
19,8,9,0.8806359734381395,29.354532447937984,30.98652451823,0.000699822425771534
19,8,10,0.22679169461282167,7.559723153760725,11.825067595388987,0.00044898739954476086
19,9,10,0.6538442788253178,21.79480929417726,19.161456922841012,0.0011488098253162949
20,1,2,0.9393874769629273,31.31291589876425,3.8046424379658035,0.000446475228811003
20,1,3,1.0989745444650958,36.6324848155032,50.253025196077004,0.0003694067265131682
20,1,4,0.14269564585197858,4.75652152839929,23.448671589519805,0.002478059149461247
20,1,5,1.0577639257775349,35.258797525917835,11.850998282093997,0.0003544342422490927
20,1,6,1.0226855372076542,34.08951790692181,57.448334091899994,0.0005313791533580843
20,1,7,0.4555309846674631,15.184366155582108,53.276750668568994,0.002803483483382059
20,1,8,0.08403899809002491,2.8012999363341606,126.32921973048799,0.005111056951441928
20,1,9,0.999510954505928,33.31703181686427,181.883759950617,0.002321324409528589
20,1,10,0.8457607948054738,28.1920264935158,75.728080213584,0.0026256834330372963
20,2,3,0.1595870675021684,5.319568916738946,46.4483827581112,7.70685022978348e-05
20,2,4,0.7966918311109488,26.55639437036496,19.644029151554,0.00292453437827225
20,2,5,0.11837644881460757,3.945881627153586,8.046355844128193,9.204098656191034e-05
20,2,6,0.08329806024472686,2.7766020081575604,53.64369165393419,8.490392454708128e-05
20,2,7,0.4838564922954642,16.12854974318214,49.47210823060319,0.003249958712193062
20,2,8,0.8553484788729024,28.51161596243009,122.5245772925222,0.005557532180252931
20,2,9,0.060123477543000625,2.0041159181000214,178.0791175126512,0.0027677996383395917
20,2,10,0.09362668215745346,3.120889405248448,71.9234377756182,0.0030721586618482994
20,3,4,0.9562788986131171,31.875963287103907,26.8043536065572,0.0028474658759744154
20,3,5,0.04121061868756082,1.3736872895853605,38.40202691398301,1.497248426407554e-05
20,3,6,0.07628900725744153,2.542966908581386,7.19530889582299,0.00016197242684491608
20,3,7,0.6434435597976326,21.448118659921086,3.0237254724919893,0.0031728902098952273
20,3,8,1.0149355463750709,33.83118487916904,76.07619453441099,0.005480463677955096
20,3,9,0.09946358995916776,3.315452998638925,131.63073475454001,0.0026907311360417573
20,3,10,0.25321374965962185,8.440458321987395,25.47505501750699,0.0029950901595504646
20,4,5,0.9150682799255563,30.502275997518545,11.597673307425808,0.0028324933917103397
20,4,6,0.8799898913556756,29.33299637852252,33.99966250238019,0.0030094383028193314
20,4,7,0.31283533881548453,10.427844627182818,29.82807907904919,0.00032542433392081195
20,4,8,0.05865664776195367,1.9552215920651292,102.88054814096819,0.002632997801980681
20,4,9,0.8568153086539494,28.560510288464982,158.4350883610972,0.00015673473993265807
20,4,10,0.7030651489534953,23.43550496511651,52.27940862406419,0.0001476242835760492
20,5,6,0.035078388569880714,1.1692796189960255,45.597335809806,0.00017694491110899162
20,5,7,0.6022329411100718,20.074431370335727,41.425752386475,0.0031579177256311516
20,5,8,0.97372492768751,32.457497589583674,114.478221448394,0.005465491193691021
20,5,9,0.058252971271606946,1.9417657090535645,170.032761668523,0.0026757586517776816
20,5,10,0.21200313097206103,7.066771032402034,63.87708193149,0.002980117675286389
20,6,7,0.5671545525401911,18.9051517513397,4.1715834233310005,0.0033348626367401433
20,6,8,0.9386465391176293,31.28821797058765,68.880885638588,0.005642436104800012
20,6,9,0.023174582701726232,0.772486090057539,124.43542585871701,0.0028527035628866733
20,6,10,0.1769247424021803,5.897491413406009,18.279746121684,0.0031570625863953806
20,7,8,0.3714919865774382,12.383066219247947,73.052469061919,0.002307573468059869
20,7,9,0.5439799698384649,18.13266566128216,128.607009282048,0.00048215907385347
20,7,10,0.3902298101380107,13.007660337933693,22.451329545015,0.00017780005034476274
20,8,9,0.9154719564159031,30.51573188053011,55.55454022012901,0.002789732541913339
20,8,10,0.7617217967154489,25.39072655718164,50.601139516904,0.0024853735184046316
20,9,10,0.15375015970045408,5.12500532334847,106.15567973703301,0.0003043590235087073
21,1,2,0.2624691435567166,8.748971451890547,26.644579834539194,0.0015097741428705491
21,1,3,0.37349593025242744,12.449864341747588,27.625801105693903,0.0005404486684215031
21,1,4,0.855234903181401,28.507830106046704,55.991838713300005,0.00016437572352543403
21,1,5,1.0306825432195175,34.35608477398392,82.764453701354,0.000585156190440898
21,1,6,0.739460891127135,24.648696370904503,80.99483297271999,0.002026430798478798
21,1,7,0.8715365376137862,29.051217920459546,97.013003614924,0.0010820495571998363
21,1,8,0.13465732224823213,4.488577408274409,70.509403010444,0.00020699075013090183
21,1,9,0.8850226503770726,29.500755012569094,111.882260513273,0.0009845645289057385
21,1,10,0.3659511239377353,12.198370797924511,60.814072597810004,0.000504304890147489
21,2,3,0.635965073809144,21.198835793638136,0.981221271154709,0.0009693254744490461
21,2,4,1.1177040467381176,37.25680155793725,29.34725887876081,0.001345398419345115
21,2,5,1.293151686776234,43.10505622587447,56.119873866814814,0.002094930333311447
21,2,6,1.0019300346838516,33.39766782279505,54.350253138180804,0.000516656655608249
21,2,7,1.1340056811705028,37.80018937235009,70.36842378038482,0.00042772458567071287
21,2,8,0.3971264658049487,13.237548860164956,43.8648231759048,0.001716764893001451
21,2,9,1.1474917939337892,38.24972646445964,85.23768067873381,0.0024943386717762874
21,2,10,0.6284202674944519,20.94734224981506,34.16949276327081,0.00100546925272306
21,3,4,0.48173897292897366,16.05796576429912,28.366037607606103,0.000376072944896069
21,3,5,0.6571866129670901,21.90622043223633,55.138652595660105,0.001125604858862401
21,3,6,0.3659649608747075,12.198832029156913,53.369031867026095,0.001485982130057295
21,3,7,0.49804060736135886,16.601353578711958,69.38720250923011,0.0005416008887783332
21,3,8,0.23883860800419532,7.961286933473179,42.883601904750094,0.0007474394185524049
21,3,9,0.5115267201246452,17.050890670821502,84.2564594075791,0.0015250131973272413
21,3,10,0.007544806314692121,0.2514935438230772,33.1882714921161,3.614377827401401e-05
21,4,5,0.17544764003811644,5.848254667937215,26.772614988054002,0.000749531913966332
21,4,6,0.11577401205426618,3.859133735142205,25.002994259419992,0.001862055074953364
21,4,7,0.016301634432385192,0.5433878144128403,41.021164901624005,0.0009176738336744022
21,4,8,0.7205775809331689,24.019252697772295,14.517564297143991,0.00037136647365633587
21,4,9,0.029787747195671566,0.9929249065223864,55.890421799973,0.0011489402524311725
21,4,10,0.4892837792436658,16.309459308122193,4.822233884509998,0.000339929166622055
21,5,6,0.2912216520923826,9.70738840307942,1.7696207286340098,0.002611586988919696
21,5,7,0.15914600560573125,5.304866853524374,14.248549913570002,0.0016672057476407342
21,5,8,0.8960252209712855,29.86750736570951,12.25505069091001,0.0003781654403099961
21,5,9,0.14565989284244488,4.855329761414828,29.117806811918996,0.00039940833846484043
21,5,10,0.6647314192817823,22.15771397605941,21.950381103544004,0.001089461080588387
21,6,7,0.13207564648665138,4.402521549555045,16.018170642204012,0.0009443812412789619
21,6,8,0.6048035688789029,20.160118962630094,10.485429962276001,0.0022334215486097
21,6,9,0.14556175924993775,4.852058641664591,30.887427540553006,0.0030109953273845364
21,6,10,0.3735097671893996,12.45032557297999,20.180760374909994,0.001522125908331309
21,7,8,0.7368792153655541,24.562640512185137,26.503600604480013,0.001289040307330738
21,7,9,0.013486112763286373,0.44953709210954607,14.869256898348993,0.0020666140861055745
21,7,10,0.5055854136760509,16.852847122535035,36.198931017114006,0.0005777446670523472
21,8,9,0.7503653281288405,25.012177604294685,41.37285750282901,0.0007775737787748365
21,8,10,0.2312938016895032,7.709793389650102,9.695330412633993,0.0007112956402783909
21,9,10,0.5190715264393373,17.302384214644583,51.068187915463,0.0014888694190532273
22,1,2,0.15274686566967843,5.091562188989283,5.1761403586610975,6.929113258539294e-06
22,1,3,0.6675571583768187,22.25190527922729,19.613045342298197,1.8741522048683703e-05
22,1,4,0.14831382222815792,4.943794074271935,30.825513084659196,0.0007903568198495087
22,1,5,0.028545336863435633,0.951511228781186,43.15281157500151,0.0007019718427734548
22,1,6,0.06037411716808472,2.0124705722694927,42.9199712617031,0.0013186873454118177
22,1,7,0.7603263235155238,25.34421078385079,125.6656226955631,0.0009547469021365517
22,1,8,0.7701866531899315,25.672888439664383,68.1955520762617,0.000599979757160488
22,1,9,353.27762292373313,10.498505191362952,208.44133408908507,0.011865848474437226
22,1,10,0.40052372645422696,13.350790881807562,176.1075210388101,0.004544273164524111
22,2,3,0.5148102927071403,17.16034309023801,14.436904983637099,2.5670635307222997e-05
22,2,4,0.30106068789783635,10.035356263261217,25.6493727259981,0.0007834277065909693
22,2,5,0.18129220253311407,6.043073417770469,37.97667121634041,0.0006950427295149154
22,2,6,0.21312098283776315,7.104032761258775,37.743830903041996,0.0013117582321532783
22,2,7,0.6075794578458453,20.252648594861512,120.489482336902,0.0009478177888780123
22,2,8,0.6174397875202531,20.581326250675097,63.019411717600605,0.0005930506439019486
22,2,9,353.4303697894028,15.590067380352234,203.265193730424,0.011858919361178687
22,2,10,0.24777686078454852,8.25922869281828,170.931380680149,0.004537344051265572
22,3,4,0.8158709806049766,27.195699353499226,11.212467742361,0.0008090983418981923
22,3,5,0.6961024952402544,23.203416508008477,23.539766232703307,0.0007207133648221384
22,3,6,0.7279312755449034,24.264375851496784,23.306925919404897,0.0013374288674605013
22,3,7,0.09276916513870509,3.0923055046235017,106.0525773532649,0.0009734884241852353
22,3,8,0.10262949481311279,3.420983160437091,48.582506733963505,0.0006187212792091717
22,3,9,353.94518008210997,32.75041047059024,188.82828874678688,0.011884589996485909
22,3,10,0.2670334319225917,8.901114397419729,156.4944756965119,0.004563014686572795
22,4,5,0.11976848536472229,3.992282845490749,12.327298490342308,8.838497707605391e-05
22,4,6,0.0879397050600732,2.931323502002442,12.094458177043897,0.000528330525562309
22,4,7,0.9086401457436817,30.288004858122726,94.84010961090391,0.000164390082287043
22,4,8,0.9185004754180894,30.61668251393632,37.370038991602506,0.00019037706268902068
22,4,9,353.129309101505,5.554711117091017,177.6158210044259,0.011075491654587717
22,4,10,0.5488375486823849,18.294584956079497,145.2820079541509,0.0037539163446746026
22,5,6,0.031828780304649085,1.0609593434883067,0.2328403132984107,0.0006167155026383629
22,5,7,0.7888716603789594,26.295722012631977,82.5128111205616,0.0002527750593630969
22,5,8,0.7987319900533671,26.62439966844557,25.042740501260198,0.00010199208561296677
22,5,9,353.2490775868697,9.546993962581766,165.28852251408358,0.01116387663166377
22,5,10,0.4290690633176626,14.302302110588748,132.9547094638086,0.0038423013217506567
22,6,7,0.8207004406836085,27.356681356120284,82.74565143386,0.000363940443275266
22,6,8,0.8305607703580162,27.685359011933876,25.27558081455861,0.0007187075882513297
22,6,9,353.21724880656507,8.48603461909346,165.521362827382,0.010547161129025408
22,6,10,0.4608978436223117,15.363261454077055,133.187549777107,0.003225585819112294
22,7,8,0.009860329674407697,0.3286776558135891,57.470070619301396,0.0003547671449760637
22,7,9,354.03794924724866,35.84271597521374,82.77571139352199,0.010911101572300673
22,7,10,0.3598025970612968,11.99341990204323,50.441898343247004,0.0035895262623875596
22,8,9,354.04780957692304,36.171393631027335,140.24578201282338,0.011265868717276736
22,8,10,0.3696629267357045,12.32209755785682,107.9119689625484,0.0039442934073636235
22,9,10,353.67814665018733,23.849296073170514,32.33381305027498,0.007321575309913114
23,1,2,0.2533077273203015,8.443590910676718,4.709724550733512,0.0002459764149152447
23,1,3,0.48858595332656773,16.28619844421893,21.917276182401608,0.0008792959700353075
23,1,4,0.8838106631091407,29.46035543697136,17.32561511709821,9.88408395911034e-05
23,1,5,0.019578327613494317,0.6526109204498098,25.36657609903301,0.00011572974845002517
23,1,6,0.842210645666968,28.073688188898938,48.015974252979206,0.00020707906155606308
23,1,7,0.3727204205328225,12.424014017760749,101.4241630829862,0.00027295568443404017
23,1,8,0.3432366232369447,11.441220774564826,130.06694143492518,0.002597344071315297
23,1,9,0.4495856668651963,14.98618889550654,65.5034562039982,0.0037606977583435966
23,1,10,0.2633192388407516,8.777307961358384,112.88303685030222,0.0021555413451893385
23,2,3,0.23527822600626624,7.8426075335422105,17.207551631668096,0.0006333195551200628
23,2,4,0.6305029357888392,21.01676452629464,12.615890566364698,0.0003448172545063481
23,2,5,0.2728860549337958,9.096201831126528,20.6568515482995,0.0003617061633652699
23,2,6,0.5889029183466665,19.63009727822222,43.306249702245694,3.889735335918163e-05
23,2,7,0.626028147853124,20.867604928437466,96.71443853225269,0.0005189320993492848
23,2,8,0.08992889591664321,2.9976298638881076,125.35721688419169,0.0023513676564000524
23,2,9,0.1962779395448948,6.542597984829822,60.793731653264686,0.003514721343428352
23,2,10,0.5166269661610531,17.2208988720351,108.1733122995687,0.001909564930274094
23,3,4,0.39522470978257296,13.17415699275243,4.5916610653033985,0.000978136809626411
23,3,5,0.508164280940062,16.93880936466874,3.4492999166314036,0.0009950257184853327
23,3,6,0.3536246923404003,11.787489744680009,26.098698070577598,0.0006722169084792444
23,3,7,0.8613063738593902,28.71021246197968,79.50688690058459,0.0011522516544693476
23,3,8,0.14534933008962303,4.844977669654103,108.14966525252359,0.0017180481012799898
23,3,9,0.039000286461371436,1.3000095487123886,43.58618002159659,0.002881401788308289
23,3,10,0.7519051921673193,25.063506405577314,90.96576066790061,0.0012762453751540312
23,4,5,0.903388990722635,30.11296635742117,8.040960981934802,1.6888908858921775e-05
23,4,6,0.041600017442172676,1.3866672480724205,30.690359135880996,0.0003059199011471665
23,4,7,1.2565310836419632,41.88436945473211,84.09854796588799,0.00017411484484293677
23,4,8,0.540574039872196,18.019134662406532,112.74132631782699,0.0026961849109064006
23,4,9,0.4342249962439444,14.474166541464818,48.17784108689999,0.0038595385979346996
23,4,10,1.1471299019498922,38.237663398329744,95.55742173320401,0.002254382184780442
23,5,6,0.8617889732804623,28.726299109348748,22.649398153946194,0.00032280881000608825
23,5,7,0.3531420929193282,11.77140309731094,76.05758698395319,0.000157225935984015
23,5,8,0.362814950850439,12.093831695014636,104.70036533589219,0.0027130738197653223
23,5,9,0.4691639944786906,15.63879981595635,40.136880104965186,0.0038764275067936214
23,5,10,0.24374091122725727,8.124697040908574,87.51646075126921,0.0022712710936393637
23,6,7,1.2149310661997905,40.49770220665969,53.40818883000699,0.00048003474599010325
23,6,8,0.4989740224300233,16.632467414334112,82.05096718194599,0.002390265009759234
23,6,9,0.3926249788017717,13.087499293392398,17.487481951018992,0.003553618696787533
23,6,10,1.1055298845077197,36.85099615025732,64.86706259732301,0.0019484622836332755
23,7,8,0.7159570437697672,23.865234792325573,28.642778351939,0.0028702997557493374
23,7,9,0.8223060873980188,27.41020291326729,35.920706878988,0.0040336534427776365
23,7,10,0.10940118169207094,3.6467060564023654,11.458873767316021,0.002428497029623379
23,8,9,0.1063490436282516,3.5449681209417143,64.563485230927,0.001163353687028299
23,8,10,0.6065558620776963,20.218528735923208,17.18390458462298,0.00044180272612595866
23,9,10,0.7129049057059479,23.763496856864926,47.37958064630402,0.0016051564131542577
24,1,2,0.37634587504072825,12.544862501357606,23.045293896584795,0.001999209317259377
24,1,3,1.114954625357013,37.16515417856709,15.330538616984796,0.003508083107260143
24,1,4,0.6151989908301211,20.506633027670706,0.8863533554436032,0.00198050184739049
24,1,5,1.070122893124003,35.67076310413343,37.22720310768081,0.007136749751513986
24,1,6,0.8964287800412285,29.880959334707615,20.632962840221808,0.0020605327301645706
24,1,7,0.4415067060633615,14.716890202112047,124.9405904069028,0.0037236719879845948
24,1,8,0.8699722004541708,28.99907334847236,48.79280883466879,0.0014945046457468254
24,1,9,0.16537879766734861,5.51262658891162,111.4511466430018,0.00021759382269952176
24,1,10,0.042114060402539844,1.4038020134179945,1.2205784160850044,0.00016476785037278555
24,2,3,0.7386087503162848,24.62029167720949,7.7147552795999985,0.0015088737900007666
24,2,4,0.23885311578939283,7.961770526313099,22.15894054114119,1.8707469868886172e-05
24,2,5,0.6937770180832747,23.125900602775825,14.181909211096013,0.005137540434254609
24,2,6,0.5200829050005003,17.33609683335001,2.412331056362987,6.132341290519382e-05
24,2,7,0.06516083102263326,2.172027700754441,101.895296510318,0.0017244626707252184
24,2,8,0.49362632541344253,16.454210847114755,25.747514938083995,0.0005047046715125512
24,2,9,0.5417246727080769,18.057489090269225,88.40585274641701,0.0022168031399588985
24,2,10,0.4184599354432681,13.9486645147756,21.82471548049979,0.002163977167632162
24,3,4,0.499755634526892,16.65852115089639,14.444185261541193,0.0015275812598696528
24,3,5,0.04483173223301007,1.4943910744336648,21.89666449069601,0.003628666644253843
24,3,6,0.21852584531578456,7.284194843859481,5.302424223237011,0.0014475503770955728
24,3,7,0.6734479192936516,22.44826397645505,109.610051789918,0.00021558888072445177
24,3,8,0.24498242490284228,8.166080830094735,33.462270217683994,0.002013578461513318
24,3,9,1.2803334230243617,42.677780767478716,96.12060802601701,0.003725676929959665
24,3,10,1.157068685759553,38.568956191985095,14.109960200899792,0.0036728509576329288
24,4,5,0.4549239022938819,15.164130076462726,36.340849752237204,0.005156247904123496
24,4,6,0.2812297892111074,9.37432630703691,19.746609484778205,8.003088277408e-05
24,4,7,0.17369228476675957,5.789742825558658,124.0542370514592,0.0017431701405941046
24,4,8,0.2547732096240497,8.492440320801656,47.90645547922519,0.00048599720164366504
24,4,9,0.7805777884974697,26.019259616582325,110.5647932875582,0.0021980956700900123
24,4,10,0.6573130512326609,21.9104350410887,0.33422506064140123,0.002145269697763276
24,5,6,0.1736941130827745,5.789803769425816,16.594240267459,0.005076217021349416
24,5,7,0.6286161870606415,20.953872902021384,87.71338729922199,0.0034130777635293912
24,5,8,0.2001506926698322,6.67168975566107,11.565605726987982,0.005642245105767161
24,5,9,1.2355016907913516,41.18338969304505,74.223943535321,0.007354343574213508
24,5,10,1.1122369535265428,37.07456511755143,36.0066246915958,0.007301517601886772
24,6,7,0.454922073977867,15.164069132595568,104.30762756668099,0.0016631392578200246
24,6,8,0.026456579587057716,0.8818859862352539,28.159845994446982,0.000566028084417745
24,6,9,1.0618075777085771,35.393585923619234,90.81818380278,0.0022781265528640923
24,6,10,0.9385428404437683,31.28476134812561,19.412384424136803,0.002225300580537356
24,7,8,0.4284654943908093,14.282183146360314,76.14778157223401,0.0022291673422377696
24,7,9,0.6068855037307102,20.229516791023666,13.489443763900994,0.003941265810684116
24,7,10,0.48362076646590135,16.120692215530042,123.7200119908178,0.0038884398383573805
24,8,9,1.0353509981215194,34.51169993738398,62.658337808333016,0.0017120984684463473
24,8,10,0.9120862608567106,30.402875361890356,47.572230418583786,0.001659272496119611
24,9,10,0.12326473726480877,4.1088245754936255,110.2305682269168,5.282597232673621e-05
25,1,2,0.044025560852725576,1.4675186950908525,3.5869393836285894,0.0007890936492003925
25,1,3,0.8056636284370087,26.85545428123362,4.0965933527679965,0.0018469132665764453
25,1,4,0.40318968278297207,13.43965609276573,34.9546499337856,0.0013746767543963076
25,1,5,0.3016072721466794,10.05357573822264,42.99640354666961,0.0030981159968551794
25,1,6,767.5223669618351,1.7239652501973666,77.2038471749796,0.008612042918647918
25,1,7,0.30553396768441443,10.184465589480475,70.6237339677326,0.00039827121469727337
25,1,8,0.5627570115722257,18.758567052407518,105.0864094086756,0.0012773412427664484
25,1,9,0.6145801714919974,20.486005716399912,34.1199655569646,5.4499990149398624e-05
25,1,10,0.5447878134874558,18.159593782915188,52.71624623219661,0.0006138966474642312
25,2,3,0.7616380675842831,25.387935586142767,0.5096539691394071,0.002636006915776838
25,2,4,0.3591641219302465,11.972137397674878,38.54158931741419,0.0005855831051959151
25,2,5,0.2575817112939538,8.586057043131788,46.5833429302982,0.002309022347654787
25,2,6,767.5663925226878,3.191483945288219,80.79078655860819,0.007822949269447526
25,2,7,0.26150840683168886,8.716946894389622,74.2106733513612,0.0003908224345031191
25,2,8,0.5187314507195001,17.291048357316665,108.6733487923042,0.002066434891966841
25,2,9,0.5705546106392718,19.01848702130906,37.70690494059319,0.0007345936590509939
25,2,10,0.5007622526347302,16.692075087824335,56.3031856158252,0.0014029902966646236
25,3,4,0.40247394565403666,13.415798188467889,39.0512432865536,0.003221590020972753
25,3,5,0.5040563562903293,16.80187854301098,47.09299689943761,0.004945029263431625
25,3,6,768.3280305902721,28.579419531430986,81.3004405277476,0.010458956185224364
25,3,7,0.5001296607525942,16.670988691753145,74.7203273205006,0.0022451844812737187
25,3,8,0.24290661686478304,8.096887228826102,109.1830027614436,0.0005695720238099969
25,3,9,0.19108345694501133,6.369448564833707,38.2165589097326,0.001901413256725844
25,3,10,0.260875814949553,8.695860498318432,56.81283958496461,0.0012330166191122142
25,4,5,0.1015824106362927,3.3860803545430898,8.041753612884008,0.0017234392424588718
25,4,6,767.925556644618,15.163621342963097,42.249197241194,0.007237366164251611
25,4,7,0.09765571509855764,3.255190503285256,35.669084033947,0.0009764055396990342
25,4,8,0.15956732878925362,5.318910959641787,70.13175947489,0.002652017997162756
25,4,9,0.21139048870902533,7.046349623634182,0.8346843768210022,0.001320176764246909
25,4,10,0.14159813070448368,4.719937690149457,17.761596298411007,0.0019885734018605388
25,5,6,767.8239742339817,11.777540988420007,34.20744362830999,0.005513926921792739
25,5,7,0.003926695537735059,0.1308898512578338,27.627330421062993,0.002699844782157906
25,5,8,0.2611497394255463,8.704991314184877,62.090005862005995,0.004375457239621627
25,5,9,0.312972899345318,10.432429978177272,8.87643798970501,0.0030436160067057808
25,5,10,0.24318054134077638,8.106018044692547,9.719842685526999,0.0037120126443194105
25,6,7,767.8279009295195,11.908430839677841,6.580113207246995,0.008213771703950646
25,6,8,768.0851239734073,20.482532302604884,27.882562233696007,0.009889384161414367
25,6,9,768.1369471333271,22.20997096659728,43.083881618015,0.008557542928498519
25,6,10,768.0671547753226,19.883559033112554,24.48760094278299,0.00922593956611215
25,7,8,0.25722304388781125,8.574101462927043,34.462675440943,0.0016756124574637218
25,7,9,0.30904620380758296,10.301540126919438,36.503768410768004,0.00034377122454787475
25,7,10,0.23925384580304132,7.975128193434713,17.907487735535994,0.0010121678621615045
25,8,9,0.05182315991977171,1.7274386639923947,70.966443851711,0.001331841232915847
25,8,10,0.017969198084769933,0.5989732694923298,52.370163176479,0.0006634445953022173
25,9,10,0.06979235800454164,2.3264119334847244,18.59628067523201,0.0006683966376136298
26,1,2,0.29100546833267327,9.700182277755786,4.287078490176597,0.000409127606593686
26,1,3,0.26734609372996065,8.911536457665346,23.62390312823929,0.00016340749578345917
26,1,4,0.5455234745486319,18.18411581828772,49.3159170182377,1.155623819862949e-05
26,1,5,0.5606126944862306,18.68708981620768,49.554590111672695,0.0006395962841457062
26,1,6,0.12701239379568752,4.233746459856256,61.70308924543569,0.0005749271201210036
26,1,7,0.22226094608931368,7.408698202977128,60.4203590604927,0.003942779826073513
26,1,8,0.7379814767298966,24.599382557663212,177.8130446813917,0.0013524571977625325
26,1,9,0.7902524276434748,26.34174758811582,66.1869870611777,0.0006444281117510847
26,1,10,0.07762143846175551,2.587381282058505,109.19614250417871,0.0042980376917361
26,2,3,0.5583515620626339,18.61171873542113,19.336824638062694,0.0005725351023771452
26,2,4,0.8365289428813052,27.884298096043505,45.0288385280611,0.00042068384479231546
26,2,5,0.8516181628189039,28.387272093963468,45.2675116214961,0.0002304686775520202
26,2,6,0.16399307453698575,5.46643581789953,57.416010755259094,0.00016579951352731757
26,2,7,0.06874452224335958,2.2914840747786585,56.1332805703161,0.0035336522194798266
26,2,8,1.0289869450625697,34.299564835419,173.5259661912151,0.0009433295911688464
26,2,9,1.081257895976148,36.04192986587161,61.899908571001106,0.00023530050515739869
26,2,10,0.3686269067944288,12.287563559814291,104.90906401400211,0.0038889100851424137
26,3,4,0.2781773808186712,9.272579360622373,25.692013889998407,0.0001518512575848297
26,3,5,0.29326660075627,9.775553358542334,25.930686983433404,0.0008030037799291654
26,3,6,0.39435848752564817,13.145282917521602,38.0791861171964,0.0007383346159044627
26,3,7,0.48960703981927434,16.320234660642473,36.79645593225341,0.004106187321856972
26,3,8,0.4706353829999359,15.687846099997865,154.1891415531524,0.0015158646935459917
26,3,9,0.5229063339135142,17.430211130450473,42.56308393293841,0.0008078356075345439
26,3,10,0.18972465526820514,6.32415517560684,85.57223937593942,0.004461445187519559
26,4,5,0.015089219937598763,0.5029739979199608,0.23867309343499699,0.0006511525223443356
26,4,6,0.6725358683443194,22.417862278143975,12.387172227197993,0.000586483358319633
26,4,7,0.7677844206379456,25.592814021264847,11.104442042255002,0.003954336064272142
26,4,8,0.1924580021812647,6.415266739375491,128.497127663154,0.001364013435961162
26,4,9,0.24472895309484297,8.1576317698281,16.871070042940005,0.0006559843499497141
26,4,10,0.46790203608687636,15.596734536229214,59.88022548594101,0.0043095939299347295
26,5,6,0.6876250882819182,22.920836276063937,12.148499133762996,6.466916402470262e-05
26,5,7,0.7828736405755443,26.09578801918481,10.865768948820005,0.003303183541927807
26,5,8,0.17736878224366592,5.912292741455531,128.258454569719,0.0007128609136168262
26,5,9,0.2296397331572442,7.6546577719081395,16.632396949505008,4.831827605378497e-06
26,5,10,0.4829912560244751,16.099708534149173,59.641552392506014,0.003658441407590394
26,6,7,0.09524855229362617,3.1749517431208716,1.2827301849429915,0.0033678527059525093
26,6,8,0.8649938705255841,28.833129017519468,116.109955435956,0.0007775300776415289
26,6,9,0.9172648214391623,30.575494047972075,4.4838978157420115,6.950099163008112e-05
26,6,10,0.20463383225744303,6.821127741914761,47.49305325874302,0.0037231105716150964
26,7,8,0.9602424228192102,32.00808076064034,117.39268562089899,0.0025903226283109804
26,7,9,1.0125133737327885,33.75044579109294,5.766628000685003,0.003298351714322428
26,7,10,0.2998823845510692,9.996079485035633,48.77578344368601,0.00035525786566258707
26,8,9,0.05227095091357828,1.7423650304526088,111.62605762021398,0.0007080290860114477
26,8,10,0.660360038268141,22.012001275604703,68.61690217721298,0.0029455804939735675
26,9,10,0.7126309891817193,23.754366306057314,43.009155443001006,0.0036536095799850152
27,1,2,0.915962777455918,30.532092581863935,5.080125016114096,0.0035702018747136447
27,1,3,0.22161793013735792,7.387264337911933,33.669029317824496,0.0018897319081269755
27,1,4,0.003106770149099991,0.10355900496999837,5.747958700050901,0.0009020585307719414
27,1,5,1.045976258197915,34.86587527326384,5.642016527097198,0.005354300272790142
27,1,6,0.02613394603248309,0.8711315344161026,2.7282888840219073,0.0002258614610564575
27,1,7,0.1870382314960704,6.234607716535681,23.537933919390497,0.0025348153750687193
27,1,8,0.01004420384913668,0.3348067949712217,65.44808949110649,0.0025150462827483546
27,1,9,0.04142229371191336,1.3807431237304435,112.76812002287451,0.0016606692360502345
27,1,10,0.16878405760594856,5.6261352535316185,26.6237240609765,0.00021174513063155955
27,2,3,0.6943448473185602,23.144828243952002,28.5889043017104,0.0016804699665866692
27,2,4,0.9190695476050181,30.635651586833934,10.828083716164997,0.0026681433439417032
27,2,5,0.13001348074199703,4.333782691399904,10.722141543211293,0.0017840983980764976
27,2,6,0.889828831423435,29.660961047447834,2.3518361320921883,0.003344340413657187
27,2,7,0.7289245459598477,24.297484865328254,18.4578089032764,0.0010353864996449254
27,2,8,0.9059185736067814,30.197285786892714,60.36796447499239,0.00105515559196529
27,2,9,0.9573850711678314,31.91283570559438,107.68799500676042,0.0019095326386634102
27,2,10,1.0847468350618668,36.15822783539555,21.543599044862404,0.003358456744082085
27,3,4,0.2247247002864579,7.4908233428819315,39.4169880178754,0.000987673377355034
27,3,5,0.8243583280605572,27.478610935351906,39.31104584492169,0.0034645683646631668
27,3,6,0.19548398410487483,6.516132803495831,30.94074043380259,0.001663870447070518
27,3,7,0.034579698641287515,1.1526566213762521,10.131095398433999,0.0006450834669417438
27,3,8,0.21157372628822124,7.0524575429407115,31.77906017328199,0.0006253143746213791
27,3,9,0.2630402238492713,8.768007461642377,79.09909070505002,0.00022906267207674098
27,3,10,0.3904019877433065,13.013399591443552,7.045305256847996,0.001677986777495416
27,4,5,1.0490830283470152,34.969434278233834,0.10594217295370356,0.004452241742018201
27,4,6,0.029240716181583082,0.974690539386101,8.476247584072809,0.000676197069715484
27,4,7,0.1901450016451704,6.338166721505679,29.285892619441398,0.0016327568442967779
27,4,8,0.01315097399823667,0.43836579994122005,71.19604819115739,0.0016129877519764132
27,4,9,0.03831552356281337,1.2771841187604451,118.51607872292541,0.0007586107052782931
27,4,10,0.16567728745684857,5.52257624856162,32.3716827610274,0.0006903134001403819
27,5,6,1.019842312165432,33.99474373884774,8.370305411119105,0.0051284388117336845
27,5,7,0.8589380267018447,28.631267556728158,29.179950446487695,0.002819484897721423
27,5,8,1.0359320543487784,34.53106847829262,71.09010601820368,0.0028392539900417876
27,5,9,1.0873985519098284,36.24661839699428,118.41013654997171,0.0036936310367399077
27,5,10,1.2147603158038636,40.492010526795454,32.2657405880737,0.005142555142158583
27,6,7,0.16090428546358732,5.363476182119578,20.80964503536859,0.0023089539140122616
27,6,8,0.01608974218334641,0.5363247394448809,62.71980060708458,0.0022891848216918973
27,6,9,0.06755623974439645,2.251874658146546,110.0398311388526,0.001434807774993777
27,6,10,0.19491800363843165,6.497266787947721,23.895435176954592,1.4116330424897945e-05
27,7,8,0.17699402764693373,5.899800921564459,41.91015557171599,1.976909232036467e-05
27,7,9,0.22846052520798377,7.6153508402661245,89.23018610348402,0.0008741461390184848
27,7,10,0.35582228910201896,11.8607429700673,3.0857901415860027,0.0023230702444371597
27,8,9,0.05146649756105004,1.7155499187016652,47.320030531768026,0.0008543770466981201
27,8,10,0.17882826145508524,5.96094204850284,38.82436543012999,0.002303301152116795
27,9,10,0.1273617638940352,4.245392129801175,86.14439596189801,0.001448924105418675
28,1,2,0.16098218339164996,5.366072779721665,4.556456226084606,0.00013793559873067696
28,1,3,0.0027181933250644275,0.0906064441688148,25.39811445696371,2.6471640061984396e-05
28,1,4,0.7232603493780599,24.108678312601995,41.26934576428411,0.0003933631507510321
28,1,5,0.8441808088075823,28.13936029358608,40.6322383591731,0.001955646883733075
28,1,6,0.456617314351487,15.220577145049564,57.49241702404311,0.0023046816551265093
28,1,7,0.3545041785135157,11.816805950450519,54.81254377766011,0.0023112661368483124
28,1,8,0.6063266176082596,20.210887253608647,97.7629857987441,0.0042100335684332885
28,1,9,1.1064728696449704,36.88242898816568,58.035284546205105,0.0005889335325554796
28,1,10,1.0742438938382268,35.80812979460756,50.330001938806106,0.004254510153301054
28,2,3,0.1637003767167144,5.45667922389048,20.841658230879105,0.00016440723879266136
28,2,4,0.56227816598641,18.742605532880333,36.712889538199505,0.0002554275520203551
28,2,5,0.6831986254159323,22.773287513864418,36.075782133088495,0.0018177112850023983
28,2,6,0.295635130959837,9.8545043653279,52.9359607979585,0.0021667460563958327
28,2,7,0.1935219951218657,6.450733170728855,50.256087551575504,0.0021733305381176357
28,2,8,0.4453444342166096,14.844814473886982,93.20652957265949,0.004072097969702611
28,2,9,0.9454906862533206,31.516356208444016,53.4788283201205,0.00045099793382480266
28,2,10,0.913261710446577,30.442057014885897,45.7735457127215,0.004116574554570376
28,3,4,0.7259785427031243,24.199284756770812,15.8712313073204,0.0004198347908130165
28,3,5,0.8468990021326467,28.229966737754896,15.23412390220939,0.0019821185237950596
28,3,6,0.4593355076765514,15.31118358921838,32.094302567079396,0.0023311532951884937
28,3,7,0.3572223718385801,11.907412394619335,29.4144293206964,0.002337737776910297
28,3,8,0.609044810933324,20.301493697777463,72.36487134178039,0.004236505208495273
28,3,9,1.109191062970035,36.97303543233449,32.637170089241394,0.000615405172617464
28,3,10,1.0769620871632912,35.89873623877637,24.931887481842395,0.004280981793363038
28,4,5,0.12092045942952234,4.030681980984085,0.6371074051110099,0.0015622837329820431
28,4,6,0.26664303502657294,8.888101167552431,16.223071259758996,0.0019113185043754773
28,4,7,0.36875617086454426,12.291872362151476,13.543198013376,0.0019179029860972804
28,4,8,0.11693373176980038,3.8977910589933487,56.493640034459986,0.0038166704176822563
28,4,9,0.38321252026691055,12.773750675563683,16.765938781920994,0.00019557038180444754
28,4,10,0.350983544460167,11.699451482005564,9.060656174521995,0.0038611470025500215
28,5,6,0.3875634944560953,12.918783148536516,16.860178664870006,0.0003490347713934342
28,5,7,0.4896766302940666,16.32255434313556,14.18030541848701,0.00035561925311523726
28,5,8,0.23785419119932272,7.928473039977433,57.130747439570996,0.002254386684700213
28,5,9,0.2622920608373882,8.743068694579598,17.403046187032004,0.0013667133511775956
28,5,10,0.23006308503064465,7.66876950102148,9.697763579633005,0.002298863269567978
28,6,7,0.10211313583797132,3.403771194599045,2.6798732463829964,6.584481721803089e-06
28,6,8,0.14970930325677256,4.990310108559083,40.27056877470099,0.0019053519133067787
28,6,9,0.6498555552934835,21.661851843116114,0.5428675221619983,0.0017157481225710297
28,6,10,0.6176265794867399,20.587552649557995,7.162415085237001,0.001949828498174544
28,7,8,0.2518224390947439,8.394081303158128,42.95044202108399,0.0018987674315849756
28,7,9,0.7519686911314548,25.06562303771516,3.2227407685449947,0.0017223326042928328
28,7,10,0.7197397153247113,23.99132384415704,4.482541838854004,0.0019432440164527409
28,8,9,0.5001462520367109,16.67154173455703,39.72770125253899,0.0036211000358778085
28,8,10,0.46791727622996737,15.597242540998913,47.43298385993799,4.447658486776522e-05
28,9,10,0.032228975806743554,1.0742991935581188,7.705282607398999,0.0036655766207455737
29,1,2,0.18633151923803837,6.211050641267946,1.0936163969195007,0.0001582663225701068
29,1,3,0.2609142422736654,8.69714140912218,53.04958900434029,0.0007459699507689262
29,1,4,0.27798189365621667,9.266063121873891,11.1503125322089,0.0011023946859287656
29,1,5,0.7124727461354738,23.74909153784913,8.718217881073898,0.0009282665624589556
29,1,6,0.5032629409820403,16.77543136606801,23.158506864222204,0.0011117021814744386
29,1,7,0.007801728184982704,0.2600576061660895,114.0321583856393,0.0008244812428390977
29,1,8,0.44568775320315235,14.85625844010508,55.095336952450296,0.0036842052716387825
29,1,9,0.648375147051541,21.612504901718033,40.979354479732294,0.0030348874337236915
29,1,10,0.0785657352027474,2.6188578400915805,169.12508903753928,0.0022488572597326156
29,2,3,0.07458272303562702,2.4860907678542343,51.95597260742079,0.0005877036281988193
29,2,4,0.0916503744181783,3.0550124806059458,10.0566961352894,0.0009441283633586587
29,2,5,0.5261412268974355,17.538040896581183,7.624601484154397,0.0007700002398888487
29,2,6,0.3169314217440019,10.564380724800063,22.064890467302703,0.0009534358589043316
29,2,7,0.17852979105305566,5.950993035101856,112.9385419887198,0.000666214920268991
29,2,8,0.259356233965114,8.645207798837134,54.001720555530795,0.003525938949068676
29,2,9,0.4620436278135026,15.401454260450087,39.88573808281279,0.002876621111153585
29,2,10,0.10776578403529097,3.592192801176365,168.0314726406198,0.002090590937162509
29,3,4,0.017067651382551285,0.5689217127517114,41.89927647213139,0.0003564247351598394
29,3,5,0.45155850386180846,15.051950128726949,44.33137112326639,0.00018229661169002933
29,3,6,0.2423486987083749,8.078289956945829,29.891082140118087,0.0003657322307055123
29,3,7,0.2531125140886827,8.43708380295609,60.982569381299015,7.851129207017162e-05
29,3,8,0.18477351092948696,6.1591170309829,2.045747948110005,0.0029382353208698563
29,3,9,0.3874609047778756,12.915363492595853,12.070234524607997,0.0022889174829547653
29,3,10,0.182348507070918,6.078283569030599,116.075500033199,0.0015028873089636893
29,4,5,0.4344908524792572,14.483028415975237,2.432094651135003,0.00017412812346981007
29,4,6,0.2252810473258236,7.509368244194118,12.008194332013304,9.30749554567292e-06
29,4,7,0.27018016547123397,9.006005515707802,102.8818458534304,0.0002779134430896678
29,4,8,0.16770585954693568,5.5901953182311885,43.945024420241396,0.002581810585710017
29,4,9,0.3703932533953243,12.346441779844142,29.829041947523393,0.0019324927477949259
29,4,10,0.19941615845346927,6.647205281782311,157.9747765053304,0.00114646257380385
29,5,6,0.20920980515343357,6.97366017178112,14.440288983148307,0.000183435619015483
29,5,7,0.7046710179504911,23.48903393168304,105.31394050456541,0.00010378531961985772
29,5,8,0.2667849929323215,8.892833097744049,46.3771190713764,0.002755938709179827
29,5,9,0.06409759908393287,2.1365866361310957,32.261136598658396,0.0021066208712647357
29,5,10,0.6339070109327265,21.130233697757546,160.4068711564654,0.00132059069727366
29,6,7,0.49546121279705757,16.51537375990192,90.8736515214171,0.0002872209386353407
29,6,8,0.057575187778887926,1.919172925962929,31.936830088228092,0.002572503090164344
29,6,9,0.1451122060695007,4.837073535650024,17.82084761551009,0.001923185252249253
29,6,10,0.4246972057792929,14.156573525976428,145.96658217331708,0.001137155078258177
29,7,8,0.43788602501816964,14.59620083393899,58.93682143318901,0.0028597240287996845
29,7,9,0.6405734188665583,21.352447295551944,73.05280390590701,0.0022104061908845936
29,7,10,0.0707640070177647,2.358800233925491,55.09293065189999,0.0014243760168935176
29,8,9,0.20268739384838863,6.756246461612953,14.115982472718002,0.000649317837915091
29,8,10,0.36712201800040495,12.2374006000135,114.029752085089,0.001435348011906167
29,9,10,0.5698094118487935,18.993647061626454,128.145734557807,0.000786030173991076
30,1,2,1.0550205278866647,35.1673509295555,3.2829190180741037,0.002140724136439911
30,1,3,0.12336747555982841,4.112249185327606,5.547115040324698,0.0005543593621282128
30,1,4,0.9913663064817235,33.04554354939079,76.9392151244707,0.0009764017600957641
30,1,5,413.19059401902405,0.4552379014136818,81.36683816712869,0.009662445098784746
30,1,6,252.5255209617521,3.1137565562575773,132.3920271816657,0.008620883491369608
30,1,7,244.4737982567876,6.575045705911492,68.7932155654417,0.008185759249587279
30,1,8,0.04243410924520408,1.4144703081734775,90.27122954831671,0.0021958195377902497
30,1,9,0.07287436757326127,2.4291455857753803,110.4158177888637,0.002181590527555975
30,1,10,0.257816625020566,8.593887500685547,81.43325135866371,0.0032784283191098357
30,2,3,1.178388003446493,39.2796001148831,2.2641960222505944,0.002695083498568124
30,2,4,0.06365422140494112,2.1218073801647046,73.65629610639661,0.001164322376344147
30,2,5,414.2456145469107,35.62258883096918,78.0839191490546,0.011803169235224658
30,2,6,253.58054148963876,38.281107485813074,129.1091081635916,0.010761607627809519
30,2,7,245.52881878467426,41.74239663546699,65.5102965473676,0.010326483386027189
30,2,8,1.0125864186414606,33.75288062138202,86.98831053024261,0.00433654367423016
30,2,9,0.9821461603134034,32.738205343780116,107.13289877078961,0.004322314663995886
30,2,10,0.7972039028660987,26.57346342886995,78.15033234058961,0.005419152455549746
30,3,4,1.114733782041552,37.1577927347184,71.39210008414601,0.0015307611222239769
30,3,5,413.06722654346424,3.657011283913924,75.81972312680399,0.009108085736656535
30,3,6,252.40215348619228,0.9984926290700287,126.844912141341,0.008066524129241396
30,3,7,244.35043078122777,2.462796520583886,63.246100525117,0.007631399887459065
30,3,8,0.1658015848050325,5.5267194935010835,84.72411450799201,0.001641460175662037
30,3,9,0.19624184313308968,6.541394771102986,104.86870274853901,0.0016272311654277625
30,3,10,0.3811841005803944,12.706136686013153,75.88613631833901,0.002724068956981623
30,4,5,414.18196032550577,33.500781450804475,4.427623042657984,0.010638846858880512
30,4,6,253.51688726823383,36.15930010564837,55.45281205719499,0.009597285251465373
30,4,7,245.46516456326933,39.620589255302285,8.145999559029008,0.009162161009683041
30,4,8,0.9489321972365194,31.631073241217315,13.332014423846005,0.003172221297886014
30,4,9,0.9184919389084623,30.616397963615412,33.476602664393,0.0031579922876517393
30,4,10,0.7335496814611575,24.451656048705246,4.494036234193004,0.0042548300792056
30,5,6,160.66507305727194,2.6585186548438955,51.025189014537006,0.001041561607415139
30,5,7,168.71679576223644,6.11980780449781,12.573622601686992,0.0014766858491974694
30,5,8,413.23302812826927,1.8697082095871593,8.90439138118802,0.0074666255609944976
30,5,9,413.2634683865973,2.884383487189062,29.048979621735015,0.007480854571228772
30,5,10,413.4484106440446,9.049125402099229,0.06641319153501968,0.006384016779674912
30,6,7,8.051722704964504,3.461289149653915,63.598811616224,0.00043512424178233054
30,6,8,252.5679550709973,4.528226864431055,42.120797633348985,0.006425063953579359
30,6,9,252.59839532932537,5.542902142032958,21.97620939280199,0.006439292963813633
30,6,10,252.78333758677266,11.707644056943124,50.958775823001986,0.005342455172259773
30,7,8,244.5162323660328,7.98951601408497,21.478013982875012,0.005989939711797028
30,7,9,244.54667262436087,9.004191291686872,41.62260222342201,0.006004168722031303
30,7,10,244.73161488180816,15.168933206597039,12.640035793222012,0.004907330930477442
30,8,9,0.03044025832805719,1.0146752776019028,20.144588240546994,1.4229010234274517e-05
30,8,10,0.21538251577536194,7.179417192512069,8.837978189653,0.001082608781319586
30,9,10,0.18494225744730475,6.1647419149101665,28.982566430199995,0.0010968377915538605
31,1,2,0.8699995973227254,28.99998657742418,10.040573455918896,0.0006649939613800077
31,1,3,0.32795323015116373,10.931774338372126,6.6175121679842945,0.00021309434594674504
31,1,4,0.35744420392341447,11.914806797447149,92.10413491045419,0.00020466435000099912
31,1,5,0.1060773158849786,3.535910529499283,77.9427769939182,0.0010764625648475162
31,1,6,0.42686593512922766,14.228864504307587,106.4504335057312,0.0012019029081676122
31,1,7,0.5317742589449969,17.725808631499895,125.1845507845352,0.001352994864423869
31,1,8,0.18823466251037524,6.274488750345846,119.6934472200402,0.00400574891237916
31,1,9,0.6919196000543317,23.063986668477725,99.92639967844521,0.002268917556865804
31,1,10,0.8629577238926323,28.765257463087742,121.19086009576519,0.0016772951352307863
31,2,3,0.5420463671715616,18.068212239052052,3.423061287934601,0.0004518996154332627
31,2,4,0.5125553933993109,17.085179779977032,82.06356145453529,0.0008696583113810068
31,2,5,0.976076913207704,32.535897106923464,67.9022035379993,0.001741456526227524
31,2,6,0.4431336621934977,14.771122073116592,96.4098600498123,0.00186689686954762
31,2,7,0.3382253383777285,11.274177945924285,115.1439773286163,0.0020179888258038767
31,2,8,0.6817649348123501,22.725497827078335,109.6528737641213,0.004670742873759168
31,2,9,0.17807999726839363,5.935999908946455,89.8858262225263,0.0029339115182458117
31,2,10,0.00704187343009316,0.23472911433643873,111.15028663984629,0.002342289096610794
31,3,4,0.02949097377225074,0.983032459075023,85.4866227424699,0.00041775869594774416
31,3,5,0.43403054603614233,14.467684867871409,71.32526482593391,0.0012895569107942613
31,3,6,0.09891270497806393,3.2970901659354617,99.83292133774691,0.0014149972541143572
31,3,7,0.20382102879383313,6.794034293127769,118.56703861655092,0.001566089210370614
31,3,8,0.1397185676407885,4.65728558802628,113.07593505205591,0.004218843258325905
31,3,9,0.363966369903168,12.132212330105599,93.30888751046092,0.002482011902812549
31,3,10,0.5350044937414684,17.833483124715613,114.5733479277809,0.0018903894811775313
31,4,5,0.46352151980839307,15.450717326946432,14.16135791653599,0.0008717982148465171
31,4,6,0.06942173120581319,2.3140577068604387,14.346298595277005,0.000997238558166613
31,4,7,0.1743300550215824,5.811001834052746,33.08041587408101,0.00114833051442287
31,4,8,0.16920954141303923,5.640318047101303,27.589312309586006,0.003801084562378161
31,4,9,0.33447539613091726,11.149179871030576,7.822264767991015,0.002064253206864805
31,4,10,0.5055135199692178,16.850450665640594,29.086725185310996,0.0014726307852297872
31,5,6,0.5329432510142063,17.76477503380687,28.507656511812996,0.00012544034332009598
31,5,7,0.6378515748299755,21.261719160999178,47.241773790617,0.0002765322995763528
31,5,8,0.29431197839535383,9.810399279845129,41.750670226122,0.002929286347531644
31,5,9,0.7979969159393103,26.599897197977008,21.983622684527006,0.0011924549920182877
31,5,10,0.9690350397776109,32.301167992587025,43.24808310184699,0.0006008325703832701
31,6,7,0.1049083238157692,3.4969441271923074,18.734117278804007,0.0001510919562562568
31,6,8,0.23863127261885242,7.954375753961742,13.243013714309,0.002803846004211548
31,6,9,0.26505366492510407,8.835122164170137,6.52403382728599,0.0010670146486981918
31,6,10,0.43609178876340454,14.536392958780153,14.74042659003399,0.0004753922270631741
31,7,8,0.3435395964346216,11.451319881154049,5.491103564495006,0.002652754047955291
31,7,9,0.16014534110933487,5.33817803697783,25.258151106089997,0.000915922692441935
31,7,10,0.33118346494763534,11.039448831587846,3.993690688770016,0.0003243002708069173
31,8,9,0.5036849375439565,16.78949791813188,19.76704754159499,0.001736831355513356
31,8,10,0.674723061382257,22.490768712741897,1.49741287572499,0.0023284537771483737
31,9,10,0.17103812383830047,5.701270794610016,21.26446041731998,0.0005916224216350177
32,1,2,0.08233367232896205,2.7444557442987367,6.7053734285139015,4.057089570585126e-06
32,1,3,0.3311649002180773,11.038830007269246,14.227244166434495,0.0002922325152433594
32,1,4,0.148993376276634,4.9664458758878,24.861243527252803,0.00029316594308337297
32,1,5,0.15050451266662257,5.016817088887425,34.848815548949,0.00015193907079704848
32,1,6,0.20301530797512035,6.7671769325040145,32.5738485569296,0.0004433480555757604
32,1,7,0.1328578123007026,4.428593743356753,45.473872184735704,0.00012656064772138408
32,1,8,52.69276291821632,9.353973214448981,137.6823327107777,0.009593182863884673
32,1,9,0.24435107926082156,8.14503597536072,106.38138285907368,0.0032507528442891447
32,1,10,0.6358238811336528,21.194129371121765,96.9707390889597,0.0011360891670287908
32,2,3,0.24883122788911527,8.294374262970509,7.521870737920594,0.00028817542567277426
32,2,4,0.06665970394767196,2.221990131589063,18.1558700987389,0.00028910885351278784
32,2,5,0.06817084033766052,2.2723613445886883,28.143442120435097,0.00014788198122646335
32,2,6,0.1206816356461583,4.022721188205278,25.868475128415696,0.00043929096600517527
32,2,7,0.050524139971740545,1.6841379990580165,38.7684987562218,0.00012250355815079895
32,2,8,52.775096590545274,12.098428958747718,130.9769592822638,0.009597239953455258
32,2,9,0.1620174069318595,5.4005802310619835,99.67600943055979,0.00325480993385973
32,2,10,0.7181575534626149,23.9385851154205,90.26536566044581,0.0011401462565993762
32,3,4,0.18217152394144331,6.072384131381446,10.633999360818308,9.334278400135792e-07
32,3,5,0.18066038755145475,6.0220129183818205,20.621571382514503,0.0001402934444463109
32,3,6,0.12814959224295697,4.271653074765231,18.346604390495102,0.000151115540332401
32,3,7,0.19830708791737472,6.610236263912492,31.24662801830121,0.0001656718675219753
32,3,8,53.023927818434395,20.392803221718225,123.45508854434321,0.009885415379128031
32,3,9,0.08681382095725576,2.8937940319085254,92.1541386926392,0.0035429853595325043
32,3,10,0.9669887813517302,32.23295937839101,82.74349492252522,0.0014283216822721504
32,4,5,0.0015111363899885655,0.050371212999625214,9.987572021696195,0.0001412268722863245
32,4,6,0.05402193169848635,1.8007310566162147,7.712605029676794,0.00015018211249238743
32,4,7,0.01613556397593141,0.5378521325310466,20.6126286574829,0.0001666052953619889
32,4,8,52.841756294492946,14.320419090336781,112.8210891835249,0.009886348806968046
32,4,9,0.09535770298418755,3.1785900994729204,81.52013933182089,0.003543918787372518
32,4,10,0.7848172574102869,26.160575247009564,72.10949556170691,0.001429255110112164
32,5,6,0.05251079530849778,1.7503598436165895,2.274966992019401,0.0002914089847787119
32,5,7,0.017646700365919976,0.5882233455306718,10.625056635786706,2.53784230756644e-05
32,5,8,52.84326743088294,14.370790303336406,102.83351716182871,0.00974512193468172
32,5,9,0.09384656659419899,3.128218886473295,71.53256731012469,0.0034026919150861932
32,5,10,0.7863283938002754,26.21094646000919,62.12192354001071,0.0012880282378258394
32,6,7,0.07015749567441776,2.3385831891472613,12.900023627806107,0.0003167874078543763
32,6,8,52.89577822619143,16.121150146952996,105.10848415384811,0.010036530919460433
32,6,9,0.041335771285701206,1.3778590428567057,73.80753430214409,0.0036941008998649053
32,6,10,0.8388391891087732,27.96130630362578,64.39689053203011,0.0015794372226045513
32,7,8,52.82562073051702,13.782566957805734,92.208460526042,0.009719743511606056
32,7,9,0.11149326696011896,3.716442232003967,60.907510674337985,0.003377313492010529
32,7,10,0.7686816934343554,25.622723114478518,51.49686690422401,0.0012626498147501751
32,8,9,52.937113997477134,17.4990091898097,31.30094985170402,0.006342430019595528
32,8,10,52.056939037082664,11.840156156672784,40.711593621818,0.008457093696855881
32,9,10,0.8801749603944744,29.339165346482485,9.410643770113978,0.002114663677260354
33,1,2,0.5878407481714342,19.594691605714466,2.5951974510303017,0.001577870544600137
33,1,3,0.7937821996202103,26.459406654007008,33.4988908337337,0.002798521496355848
33,1,4,0.514232860106036,17.141095336867863,5.0138249669982,0.0008947657573476113
33,1,5,0.09151316653214714,3.0504388844048975,5.340996478761497,0.0012164525106380412
33,1,6,0.35607691662040253,11.869230554013413,17.085350997254693,0.0004860786542536409
33,1,7,0.15114085864798588,5.038028621599523,20.489018977603706,0.0025168947586084412
33,1,8,0.5178947536877909,17.263158456259696,126.6236460743557,0.0015349178944096143
33,1,9,0.3826310268652524,12.754367562175077,106.66414394990169,0.003186302749338254
33,1,10,0.848059747230217,28.268658241007227,24.333516723776697,0.001858985448609528
33,2,3,0.20594145144877618,6.864715048292542,30.903693382703395,0.001220650951755711
33,2,4,0.0736078880653982,2.453596268846603,7.609022418028502,0.0006831047872525257
33,2,5,0.49632758163928703,16.54425272130957,7.9361939297917985,0.002794323055238178
33,2,6,0.23176383155103164,7.725461051701053,14.490153546224391,0.0010917918903464961
33,2,7,0.4366998895234483,14.556662984114944,17.893821526573404,0.004094765303208578
33,2,8,0.06994599448364325,2.3315331494547706,124.0284486233254,0.0031127884390097513
33,2,9,0.20520972130618176,6.84032404353939,104.06894649887138,0.004764173293938391
33,2,10,0.2602189990587829,8.67396663529276,21.738319272746395,0.00028111490400939106
33,3,4,0.2795493395141744,9.318311317139145,38.5127158007319,0.0019037557390082366
33,3,5,0.7022690330880632,23.40896776960211,38.83988731249519,0.004014974006993889
33,3,6,0.4377052829998078,14.590176099993595,16.413539836479003,0.002312442842102207
33,3,7,0.6426413409722245,21.421378032407485,13.00987185612999,0.005315416254964289
33,3,8,0.27588744593241943,9.196248197747313,93.12475524062201,0.004333439390765462
33,3,9,0.41115117275495794,13.705039091831932,73.16525311616799,0.005984824245694102
33,3,10,0.05427754761000669,1.8092515870002188,9.165374109957,0.0009395360477463198
33,4,5,0.42271969357388883,14.090656452462966,0.3271715117632965,0.0021112182679856525
33,4,6,0.15815594348563344,5.2718647828544505,22.099175964252893,0.00040868710309397045
33,4,7,0.3630920014580501,12.10306671526834,25.502843944601906,0.0034116605159560526
33,4,8,0.003661893581754949,0.12206311939183223,131.6374710413539,0.0024296836517572256
33,4,9,0.13160183324078356,4.386727774692787,111.67796891689989,0.004081068506685865
33,4,10,0.33382688712418107,11.127562904139364,29.347341690774897,0.0009642196912619167
33,5,6,0.2645637500882554,8.818791669608515,22.42634747601619,0.001702531164891682
33,5,7,0.05962769211583874,1.9875897371946252,25.830015456365203,0.0013004422479704
33,5,8,0.4263815871556438,14.212719571854798,131.9646425531172,0.0003184653837715731
33,5,9,0.29111786033310527,9.703928677770179,112.00514042866318,0.001969850238700213
33,5,10,0.7565465806980699,25.21821935660233,29.674513202538193,0.0030754379592475693
33,6,7,0.20493605797241665,6.83120193241389,3.403667980349013,0.003002973412862082
33,6,8,0.1618178370673884,5.393927902246283,109.53829507710101,0.002020996548663255
33,6,9,0.026554110244849882,0.8851370081616636,89.57879295264699,0.003672381403591895
33,6,10,0.4919828306098145,16.399427686993814,7.248165726522004,0.0013729067943558872
33,7,8,0.36675389503980504,12.225129834660173,106.134627096752,0.000981976864198827
33,7,9,0.23149016821726653,7.716338940575554,86.17512497229798,0.0006694079907298128
33,7,10,0.6969188885822312,23.230629619407704,3.8444977461729906,0.004375880207217969
33,8,9,0.1352637268225385,4.508790894084619,19.95950212445402,0.0016513848549286397
33,8,10,0.3301649935424261,11.005499784747531,102.29012935057901,0.0033939033430191424
33,9,10,0.46542872036496463,15.51429067883215,82.33062722612499,0.005045288197947782
34,1,2,0.7188595683991728,23.961985613305757,11.330484483188997,0.003658075192502834
34,1,3,0.05412829521391993,1.804276507130659,23.476909857052704,0.0002933362982852211
34,1,4,0.1698649731210644,5.6621657707021456,21.2275397100468,0.0005306466090620864
34,1,5,0.8137669387618083,27.125564625393608,51.68903385093169,0.0031693818647322647
34,1,6,0.1626931193873009,5.423103979576695,57.0199056774327,0.0018775745039964539
34,1,7,0.8637265090084809,28.790883633616026,70.1221694729617,0.003267676721782284
34,1,8,0.012389670952466236,0.4129890317488787,44.8611374409187,0.0030458251103820397
34,1,9,0.8780399237071401,29.267997456904673,29.722328652357902,0.00410620595020106
34,1,10,176.71284646447256,9.04709971756509,121.79940530995569,0.005610530678078066
34,2,3,0.6647312731852528,22.157709106175098,12.146425373863707,0.003951411490788055
34,2,4,0.8887245415202372,29.624151384007902,9.897055226857802,0.004188721801564921
34,2,5,0.09490737036263547,3.1635790120878493,40.3585493677427,0.0004886933277705693
34,2,6,0.5561664490118718,18.538881633729062,45.68942119424371,0.005535649696499288
34,2,7,0.1448669406093081,4.82889802031027,58.791684989772705,0.00039039847072055013
34,2,8,0.7064698974467065,23.548996581556878,33.5306529577297,0.006703900302884874
34,2,9,0.15918035530796742,5.306011843598915,18.391844169168905,0.0004481307576982259
34,2,10,177.43170603287174,33.009085330870846,110.46892082676669,0.0092686058705809
34,3,4,0.22399326833498434,7.466442277832805,2.249370147005905,0.0002373103107768653
34,3,5,0.7596386435478883,25.32128811826295,28.21212399387899,0.003462718163017486
34,3,6,0.10856482417338098,3.6188274724460356,33.54299582038,0.0015842382057112327
34,3,7,0.809598213794561,26.986607126485367,46.645259615909,0.003561013020067505
34,3,8,0.041738624261453694,1.3912874753817803,21.384227583865993,0.0027524888120968186
34,3,9,0.8239116284932202,27.463720949774014,6.2454187953051985,0.004399542248486281
34,3,10,176.7669747596865,10.851376224695748,98.32249545290298,0.005317194379792845
34,4,5,0.9836319118828727,32.78773039609575,30.461494140884895,0.003700028473794351
34,4,6,0.3325580925083653,11.08526975027884,35.792365967385905,0.0013469278949343674
34,4,7,1.0335914821295453,34.45304940431817,48.8946297629149,0.0037983233308443703
34,4,8,0.18225464407353065,6.075154802451024,23.633597730871898,0.0025151785013199533
34,4,9,1.0479048968282045,34.93016322760682,8.494788942311104,0.0046368525592631465
34,4,10,176.5429814913515,3.384933946862944,100.57186559990889,0.005079884069015979
34,5,6,0.6510738193745074,21.702460645816913,5.33087182650101,0.005046956368728719
34,5,7,0.049959570246672635,1.6653190082224203,18.433135622030008,9.829485705001913e-05
34,5,8,0.801377267809342,26.71257559364473,6.827896410012997,0.0062152069751143044
34,5,9,0.06427298494533196,2.1424328315110657,21.96670519857379,0.0009368240854687952
34,5,10,177.52661340323436,36.1726643429587,70.110371459024,0.00877991254281033
34,6,7,0.70103338962118,23.36777965403933,13.102263795528998,0.005145251225778738
34,6,8,0.15030344843483467,5.010114947827816,12.158768236514007,0.0011682506063855859
34,6,9,0.7153468043198392,23.84489347732798,27.2975770250748,0.005983780454197514
34,6,10,176.87553958385988,14.470203697141784,64.77949963252298,0.003732956174081612
34,7,8,0.8513368380560147,28.377894601867148,25.261032032043005,0.006313501832164324
34,7,9,0.014313414698659321,0.4771138232886454,40.3998408206038,0.000838529228418776
34,7,10,177.57657297348106,37.837983351181116,51.67723583699399,0.008878207399860349
34,8,9,0.8656502527546739,28.855008425155795,15.138808788560794,0.0071520310605831
34,8,10,176.72523613542504,9.460088749313968,76.93826786903699,0.002564705567696026
34,9,10,177.5908863881797,38.31509717446976,92.07707665759779,0.009716736628279125
35,1,2,1.1089876264262255,36.96625421420751,4.8147647949285926,0.0015541351432997984
35,1,3,0.8956929321638476,29.85643107212825,11.906307603365605,0.0008292113130406163
35,1,4,0.6159700004785452,20.53233334928484,2.4284650144764015,0.00011805310190461432
35,1,5,0.8710418356988554,29.03472785662851,21.5579210918535,0.00025305699079877065
35,1,6,0.8879043270761331,29.596810902537765,27.38664425091551,3.692777479075116e-05
35,1,7,1.091635829252363,36.387860975078766,56.2240089883925,0.005771622111465462
35,1,8,0.15656682213186995,5.21889407106233,71.4929524557095,0.0029442315523703724
35,1,9,0.6111017531826844,20.370058439422813,132.20311099201052,0.0039901095271164125
35,1,10,0.05718428883909121,1.9061429613030398,102.8249751227015,0.002198275989135826
35,2,3,0.2132946942623779,7.109823142079264,16.721072398294197,0.0007249238302591821
35,2,4,0.4930176259476803,16.433920864922673,2.386299780452191,0.0016721882452044128
35,2,5,0.2379457907273701,7.931526357579003,26.372685886782094,0.0013010781525010276
35,2,6,0.2210832993500924,7.369443311669748,32.2014090458441,0.0015172073685090473
35,2,7,0.017351797173862593,0.5783932391287507,61.03877378332109,0.004217486968165664
35,2,8,0.9524208042943556,31.747360143145183,76.30771725063809,0.001390096409070574
35,2,9,0.49788587324354106,16.5961957747847,137.0178757869391,0.0024359743838166144
35,2,10,1.1661719152653167,38.87239717551056,107.6397399176301,0.0006441408458360278
35,3,4,0.2797229316853024,9.324097722843408,14.334772617842006,0.0009472644149452307
35,3,5,0.024651096464992195,0.8217032154997383,9.651613488487897,0.0005761543222418457
35,3,6,0.007788605087714506,0.25962016959048384,15.480336647549905,0.0007922835382498652
35,3,7,0.1959428970885153,6.531429902950514,44.31770138502689,0.004942410798424847
35,3,8,0.7391261100319777,24.63753700106592,59.586644852343895,0.002115020239329756
35,3,9,0.28459117898116315,9.486372632705436,120.2968033886449,0.0031608982140757962
35,3,10,0.9528772210029388,31.76257403343129,90.9186675193359,0.00136906467609521
35,4,5,0.2550718352203102,8.50239450734367,23.986386106329903,0.00037111009270338497
35,4,6,0.27193432659758787,9.064477553252924,29.81510926539191,0.00015498087669536548
35,4,7,0.4756658287738177,15.855527625793922,58.6524740028689,0.005889675213370076
35,4,8,0.45940317834667527,15.31343927822251,73.9214174701859,0.003062284654274987
35,4,9,0.0048682472958607725,0.16227490986202753,134.6315760064869,0.0041081626290210265
35,4,10,0.6731542893176364,22.43847631058788,105.2534401371779,0.0023163290910404406
35,5,6,0.01686249137727769,0.5620830459092545,5.828723159062008,0.00021612921600801949
35,5,7,0.2205939935535075,7.353133118450252,34.666087896539,0.0055185651206666915
35,5,8,0.7144750135669855,23.81583378556618,49.935031363856,0.002691174561571602
35,5,9,0.25994008251617096,8.664669417205697,110.645189900157,0.003737052536317642
35,5,10,0.9282261245379466,30.94087081793155,81.267054030848,0.0019452189983370557
35,6,7,0.20373150217622982,6.7910500725409975,28.83736473747699,0.005734694336674711
35,6,8,0.7313375049442632,24.377916831475435,44.10630820479399,0.0029073037775796213
35,6,9,0.27680257389344864,9.226752463114952,104.816466741095,0.003953181752325661
35,6,10,0.9450886159152243,31.502953863840805,75.438330871786,0.002161348214345075
35,7,8,0.935069007120493,31.168966904016433,15.268943467317001,0.00282739055909509
35,7,9,0.48053407606967846,16.01780253565595,75.97910200361801,0.00178151258434905
35,7,10,1.1488201180914541,38.2940039363818,46.600966134309004,0.0035733461223296363
35,8,9,0.4545349310508145,15.151164368360483,60.71015853630101,0.0010458779747460401
35,8,10,0.21375111097096117,7.12503703236537,31.332022666992003,0.0007459555632345462
35,9,10,0.6682860420217757,22.276201400725853,29.378135869309006,0.0017918335379805863
36,1,2,0.6005804345072987,20.019347816909963,5.485428324680399,0.0002863134952584403
36,1,3,0.06914036954476721,2.304678984825575,16.4037295688424,0.0005629684372850007
36,1,4,0.05904250108686648,1.968083369562219,106.0840110592587,0.0012440454319729757
36,1,5,0.20274373850790683,6.758124616930232,93.67920862635668,0.0004846662131761647
36,1,6,0.12627079808984776,4.209026602994928,114.6372451283707,0.0024195425220540647
36,1,7,28.688687311915274,6.649096049210996,126.33406426978968,0.009155946254884199
36,1,8,0.24715667225872617,8.23855574195754,105.9301153648247,0.0016571186545791608
36,1,9,0.16741685400573436,5.580561800191145,105.22729834969269,0.005559013974713729
36,1,10,0.022372548977037,0.7457516325679023,111.8086562141907,0.0057967527959586745
36,2,3,0.5314400649625315,17.714668832084385,10.918301244162002,0.000849281932543441
36,2,4,0.5415379334204322,18.05126444734774,100.59858273457832,0.001530358927231416
36,2,5,0.3978366959993919,13.26122319997973,88.1937803016763,0.000770979708434605
36,2,6,0.474309636417451,15.810321213915033,109.15181680369031,0.002705856017312505
36,2,7,29.289267746422574,26.66844386612096,120.8486359451093,0.009442259750142639
36,2,8,0.8477371067660249,28.257903558867504,100.44468704014432,0.0019434321498376012
36,2,9,0.4331635805015644,14.438786016718817,99.7418700250123,0.005845327469972169
36,2,10,0.5782078855302617,19.27359618434206,106.32322788951032,0.0060830662912171145
36,3,4,0.010097868457900727,0.3365956152633558,89.6802814904163,0.0006810769946879751
36,3,5,0.13360336896313962,4.453445632104657,77.27547905751429,7.830222410883602e-05
36,3,6,0.05713042854508055,1.9043476181693535,98.2335155595283,0.001856574084769064
36,3,7,28.75782768146004,8.953775034036571,109.93033470094728,0.008592977817599198
36,3,8,0.3162970418034934,10.543234726783115,89.5263857959823,0.0010941502172941602
36,3,9,0.09827648446096715,3.27588281536557,88.8235687808503,0.0049960455374287276
36,3,10,0.04676782056773021,1.5589273522576725,95.40492664534831,0.005233784358673673
36,4,5,0.14370123742104035,4.790041247368013,12.404802432902017,0.0007593792187968111
36,4,6,0.06722829700298127,2.2409432334327093,8.553234069111994,0.001175497090081089
36,4,7,28.74772981300214,8.617179418773215,20.25005321053098,0.007911900822911223
36,4,8,0.30619917334559266,10.20663911151976,0.15389569443399864,0.00041307322260618513
36,4,9,0.10837435291886788,3.6124784306289257,0.8567127095660112,0.004314968542740752
36,4,10,0.036669952109829484,1.2223317369943167,5.724645154932006,0.004552707363985699
36,5,6,0.07647294041805908,2.5490980139353034,20.95803650201401,0.0019348763088779001
36,5,7,28.89143105042318,13.407220666141228,32.654855643432995,0.008671280041708035
36,5,8,0.449900410766633,14.996680358887772,12.250906738468018,0.0011724524414029962
36,5,9,0.03532688450217247,1.177562816739087,11.548089723336005,0.005074347761537564
36,5,10,0.18037118953086984,6.0123729843623295,18.129447587834022,0.0053120865827825095
36,6,7,28.814958110005122,10.858122652205925,11.696819141418985,0.006736403732830134
36,6,8,0.37342747034857393,12.447582344952469,8.707129763545993,0.0007624238674749039
36,6,9,0.041146055915886603,1.3715351971962164,9.409946778678005,0.0031394714526596637
36,6,10,0.10389824911281076,3.463274970427026,2.8285889141799885,0.0033772102739046093
36,7,8,28.44153063965655,1.5894596927465443,20.403948904964977,0.007498827600305038
36,7,9,28.856104165921007,12.229657849402141,21.10676592009699,0.0035969322801704708
36,7,10,28.71105986089231,7.394847681778899,14.525408055598973,0.003359193458925525
36,8,9,0.41457352626446053,13.819117542148685,0.7028170151320126,0.0039018953201345676
36,8,10,0.2695292212357632,8.984307374525443,5.878540849366004,0.004139634141379514
36,9,10,0.14504430502869736,4.8348101676232424,6.581357864498017,0.00023773882124494567
37,1,2,1.0955285737051217,36.517619123504055,5.343591478837595,0.0006450981121182688
37,1,3,1.099079104216488,36.6359701405496,40.7236291126862,0.0004922562790120693
37,1,4,1.1387617521020998,37.95872507007,3.500722559089411,0.0005798039631293305
37,1,5,0.3690534833769248,12.301782779230827,7.608233330702291,0.0018056622828729444
37,1,6,0.6920477121146251,23.068257070487505,13.494559476905692,0.0010567030084356764
37,1,7,0.21183500639014907,7.061166879671639,61.346443789227195,0.0061274278966791254
37,1,8,0.3510065102150375,11.700217007167915,107.92701678670919,0.00382469704689667
37,1,9,0.8067579444385159,26.891931481283866,175.3591092596352,0.004063519560709103
37,1,10,40.85347737673905,1.4791359747854713,167.4994228659612,0.009105350869804355
37,2,3,0.003550530511366501,0.11835101704554951,35.3800376338486,0.0001528418331061995
37,2,4,0.04323317839697832,1.441105946565946,8.844314037927006,6.52941489889383e-05
37,2,5,0.7264750903281969,24.215836344273228,2.2646418518646954,0.002450760394991213
37,2,6,0.4034808615904965,13.44936205301655,8.150967998068097,0.001701801120553945
37,2,7,0.8836935673149726,29.456452243832416,56.0028523103896,0.006772526008797394
37,2,8,0.7445220634900842,24.81740211633614,102.5834253078716,0.004469795159014939
37,2,9,0.28877062926660574,9.62568764222019,170.0155177807976,0.004708617672827372
37,2,10,41.949005950444175,35.03848314871858,162.1558313871236,0.009750448981922625
37,3,4,0.03968264788561182,1.3227549295203964,44.22435167177561,8.75476841172612e-05
37,3,5,0.7300256208395633,24.334187361318776,33.115395781983906,0.0022979185618850137
37,3,6,0.407031392101863,13.5677130700621,27.229069635780505,0.0015489592874477457
37,3,7,0.8872440978263391,29.574803260877964,20.622814676540997,0.006619684175691195
37,3,8,0.7480725940014507,24.935753133381688,67.20338767402299,0.004316953325908739
37,3,9,0.29232115977797224,9.744038659265739,134.635480146949,0.0045557758397211726
37,3,10,41.95255648095554,35.15683416576413,126.775793753275,0.009597607148816426
37,4,5,0.7697082687251752,25.656942290839176,11.108955889791702,0.002385466246002275
37,4,6,0.44671403998747483,14.890467999582496,16.995282035995103,0.0016365069715650069
37,4,7,0.9269267457119509,30.897558190398364,64.8471663483166,0.0067072318598084555
37,4,8,0.7877552418870625,26.258508062902088,111.4277393457986,0.004404501010026
37,4,9,0.33200380766358406,11.066793588786135,178.85983181872462,0.004643323523838433
37,4,10,41.992239128841156,36.47958909528453,171.00014542505062,0.009685154832933687
37,5,6,0.32299422873770034,10.766474291256678,5.886326146203402,0.000748959274437268
37,5,7,0.1572184769867757,5.240615899559188,53.738210458524904,0.004321765613806181
37,5,8,0.018046973161887303,0.6015657720629122,100.3187834560069,0.002019034764023725
37,5,9,0.4377044610615911,14.590148702053039,167.75087592893289,0.0022578572778361584
37,5,10,41.22253086011598,10.822646804445355,159.8911895352589,0.007299688586931412
37,6,7,0.48021270572447605,16.007090190815866,47.8518843123215,0.005070724888243449
37,6,8,0.34104120189958764,11.36804006331959,94.4324573098035,0.0027679940384609933
37,6,9,0.11471023232389077,3.823674410796361,161.8645497827295,0.0030068165522734265
37,6,10,41.54552508885368,21.589121095702033,154.00486338905552,0.00804864786136868
37,7,8,0.1391715038248884,4.639050127496276,46.580572997481994,0.0023027308497824556
37,7,9,0.5949229380483668,19.830764601612227,114.012665470408,0.0020639083359700224
37,7,10,41.0653123831292,5.582030904886167,106.152979076734,0.0029779229731252306
37,8,9,0.4557514342234784,15.191714474115951,67.432092472926,0.00023882251381243322
37,8,10,41.20448388695409,10.221081032382443,59.572406079252005,0.005280653822907686
37,9,10,41.66023532117757,25.412795506498394,7.8596863936739965,0.005041831309095253
38,1,2,0.6641962283166434,22.139874277221445,7.988606967260399,0.00012312947784523433
38,1,3,0.5377591745531076,17.92530581843692,25.309100246917996,0.00015807866434083866
38,1,4,0.6049244252696256,20.164147508987522,33.58728648380669,0.00014895174691254047
38,1,5,0.816642672901631,27.221422430054368,43.38598477657449,2.3567566750669995e-05
38,1,6,0.8299108456134219,27.663694853780726,48.5397303779331,0.0002510997869834803
38,1,7,129.91247041705915,7.8117892337291295,209.5170655606397,0.0102430130933057
38,1,8,0.4382479483270635,14.60826494423545,181.68651002821872,0.004959062701031514
38,1,9,0.5119366377958774,17.06455459319591,68.4962723681621,0.001584620050012777
38,1,10,0.04434269183092043,1.478089727697352,131.25511784352972,0.004100271526591188
38,2,3,0.12643705376353576,4.214568458784523,17.320493279657597,0.000281208142186073
38,2,4,0.059271803047017735,1.9757267682339226,25.598679516546298,0.0002720812247577748
38,2,5,0.15244644458498757,5.081548152832921,35.397377809314094,0.00014669704459590433
38,2,6,0.16571461729677844,5.523820576559281,40.5511234106727,0.00037422926482871463
38,2,7,130.5766666453758,29.951663510950574,201.5284585933793,0.010366142571150934
38,2,8,0.2259482799895799,7.531609332985994,173.6979030609583,0.005082192178876749
38,2,9,0.15225959052076599,5.0753196840255335,60.5076654009017,0.0017077495278580114
38,2,10,0.619853536485723,20.661784549524093,123.26651087626931,0.0042234010044364225
38,3,4,0.06716525071651802,2.2388416905506006,8.2781862368887,9.126917428298187e-06
38,3,5,0.27888349834852333,9.296116611617444,18.076884529656496,0.00013451109759016867
38,3,6,0.2921516710603142,9.738389035343804,23.230630131015104,9.302112264264164e-05
38,3,7,130.45022959161227,25.73709505216605,184.2079653137217,0.01008493442896486
38,3,8,0.09951122622604414,3.3170408742014708,156.3774097813007,0.004800984036690676
38,3,9,0.02582253675723023,0.8607512252410103,43.1871721212441,0.0014265413856719385
38,3,10,0.4934164827221872,16.44721609073957,105.94601759661171,0.00394219286225035
38,4,5,0.2117182476320053,7.057274921066844,9.798698292767796,0.00012538418016187048
38,4,6,0.22498642034379618,7.4995473447932035,14.952443894126404,0.00010214804007093982
38,4,7,130.51739484232877,27.97593674271665,175.929779076833,0.010094061346393159
38,4,8,0.16667647694256216,5.555882564752071,148.099223544412,0.004810110954118974
38,4,9,0.09298778747374825,3.099592915791611,34.9089858843554,0.0014356683031002367
38,4,10,0.5605817334387052,18.68605778129017,97.66783135972301,0.003951319779678648
38,5,6,0.013268172711790871,0.4422724237263598,5.153745601358608,0.0002275322202328103
38,5,7,130.72911308996078,35.0332116637835,166.1310807840652,0.01021944552655503
38,5,8,0.37839472457456746,12.613157485818915,138.30052525164422,0.004935495134280844
38,5,9,0.30470603510575356,10.156867836858455,25.110287591587607,0.0015610524832621073
38,5,10,0.7722999810707105,25.743332702357016,87.86913306695521,0.004076703959840518
38,6,7,130.74238126267258,35.475484087509855,160.9773351827066,0.00999191330632222
38,6,8,0.39166289728635834,13.055429909545275,133.14677965028562,0.004707962914048034
38,6,9,0.31797420781754443,10.599140260584814,19.956541990229,0.0013335202630292968
38,6,10,0.7855681537825014,26.185605126083374,82.7153874655966,0.0038491717396077077
38,7,8,130.35071836538623,22.42005417796458,27.830555532420988,0.005283950392274185
38,7,9,130.42440705485504,24.87634382692504,141.02079319247758,0.008658393043292922
38,7,10,129.95681310889006,9.289878961426481,78.26194771710999,0.006142741566714511
38,8,9,0.0736886894688139,2.4562896489604604,113.19023766005661,0.0033744426510187372
38,8,10,0.39390525649614305,13.130175216538099,50.431392184689,0.0008587911744403261
38,9,10,0.46759394596495696,15.58646486549856,62.75884547536761,0.002515651476578411
39,1,2,0.5172483441405089,17.241611471350303,26.568555610135,0.0018870472649632829
39,1,3,0.30686637868626443,10.22887928954215,27.52319511290279,0.002021145873560076
39,1,4,0.09939172652328543,3.313057550776179,55.8318132468878,0.0030244111089340717
39,1,5,0.23845534889229958,7.948511629743315,82.5940527516608,0.0030270456272164293
39,1,6,304.1695933124923,19.513731585213996,80.81536059956278,0.010778273923942509
39,1,7,0.2224356805135037,7.41452268378346,60.71439903825179,0.001707950440311701
39,1,8,17.90430647303475,17.919071763792353,77.03191764418179,0.007537108161439493
39,1,9,0.5865945588484092,19.553151961613636,111.80243032630278,0.0006299018139074346
39,1,10,0.4016798288161416,13.389327627204722,125.9764489213888,0.003779555208879668
39,2,3,0.21038196545424448,7.012732181808154,0.9546395027677903,0.00013409860859679322
39,2,4,0.6166400706637943,20.554669022126483,29.263257636752797,0.0011373638439707888
39,2,5,0.7557036930328085,25.19012310109362,56.025497141525804,0.0011399983622531465
39,2,6,303.65234496835177,2.272120113863693,54.24680498942779,0.008891226658979227
39,2,7,0.2948126636270052,9.827088787566844,34.14584342811679,0.00017909682465158195
39,2,8,17.387058128894243,0.6774602924420492,50.463362034046796,0.00565006089647621
39,2,9,1.103842902988918,36.79476343296394,85.23387471616779,0.0025169490788707173
39,2,10,0.1155685153243673,3.852283844145582,99.4078933112538,0.001892507943916385
39,3,4,0.40625810520954986,13.541936840318328,28.308618133985007,0.0010032652353739956
39,3,5,0.545321727578564,18.177390919285465,55.070857638758014,0.0010058997536563532
39,3,6,303.862726933806,9.284852295671847,53.29216548666,0.008757128050382434
39,3,7,0.08443069817276072,2.8143566057586895,33.191203925349,0.00031319543324837516
39,3,8,17.59744009434849,7.690192474250203,49.508722531279005,0.0055159622878794175
39,3,9,0.8934609375346736,29.782031251155786,84.2792352134,0.0026510476874675106
39,3,10,0.09481345012987719,3.1604483376625723,98.45325380848601,0.0017584093353195918
39,4,5,0.13906362236901415,4.635454078967136,26.762239504773007,2.6345182823576258e-06
39,4,6,304.2689850390156,22.826789135990175,24.98354735267499,0.007753862815008438
39,4,7,0.32182740703678914,10.727580234559639,4.882585791363994,0.0013164606686223708
39,4,8,18.003698199558038,21.23212931456853,21.200104397293998,0.004512697052505421
39,4,9,0.4872028323251237,16.240094410837457,55.97061707941499,0.003654312922841506
39,4,10,0.501071555339427,16.7023851779809,70.144635674501,0.0007551440999455962
39,5,6,304.4080486613846,27.46224321495731,1.7786921520980172,0.00775122829672608
39,5,7,0.4608910294058033,15.363034313526775,21.879653713409013,0.0013190951869047284
39,5,8,18.142761821927053,25.867583393535668,5.562135107479008,0.004510062534223064
39,5,9,0.34813920995610953,11.60464033187032,29.208377574641986,0.003656947441123864
39,5,10,0.6401351777084412,21.337839256948037,43.382396169728,0.0007525095816632386
39,6,7,303.9471576319788,12.099208901430536,20.100961561310996,0.009070323483630809
39,6,8,286.26528683945753,1.5946598214216436,3.783442955380991,0.0032411657625030163
39,6,9,304.7561878713407,39.06688354682763,30.987069726740003,0.011408175737849944
39,6,10,303.7679134836762,6.124403958009275,45.161088321826014,0.0069987187150628415
39,7,8,17.68187079252125,10.504549080008893,16.317518605930005,0.005829157721127793
39,7,9,0.8090302393619129,26.967674645397096,51.088031288051,0.0023378522542191354
39,7,10,0.1792441483026379,5.974804943421262,65.26204988313701,0.002071604768567967
39,8,9,18.490901031883162,37.47222372540599,34.770512682120994,0.008167009975346928
39,8,10,17.502626644218612,4.529744136587631,48.944531277207005,0.0037575529525598252
39,9,10,0.9882743876645508,32.94247958881836,14.174018595086011,0.004409457022787102
40,1,2,0.6954554776357282,23.181849254524273,5.668968355722896,0.0004419181725769345
40,1,3,0.06590144342968218,2.19671478098941,32.49133545370739,0.0007300012511075259
40,1,4,0.06618034950422569,2.2060116501408515,1.8148760429643005,0.002131192055967297
40,1,5,0.8434411174385164,28.114703914617216,6.246328966841304,0.0004578948491948552
40,1,6,0.2467204949017724,8.22401649672575,19.323909611439703,0.00048172702380987697
40,1,7,0.2542395967269033,8.47465322423011,62.0073952132924,0.0071686862049509005
40,1,8,0.4613150591736088,15.377168639120296,31.606879995715403,0.0013839230304143338
40,1,9,0.24100983296008616,8.03366109866954,148.1710559905004,0.005686332880250497
40,1,10,0.2629256718464743,8.76418906154915,104.64669859236238,0.002661705445549166
40,2,3,0.6295540342060459,20.985134473534863,26.822367097984497,0.0011719194236844603
40,2,4,0.7616358271399539,25.387860904665125,3.8540923127585955,0.0025731102285442313
40,2,5,0.14798563980278823,4.93285466009294,11.9152973225642,1.5976676617920693e-05
40,2,6,0.4487349827339558,14.957832757798526,13.654941255716807,0.0009236451963868114
40,2,7,0.9496950743626316,31.656502478754383,56.3384268575695,0.007610604377527835
40,2,8,0.23414041846211936,7.80468061540398,25.937911639992507,0.0018258412029912682
40,2,9,0.454445644675642,15.148188155854735,142.50208763477752,0.006128251052827432
40,2,10,0.4325298057892539,14.417660192975125,98.97773023663949,0.0031036236181261005
40,3,4,0.13208179293390787,4.402726431130262,30.676459410743092,0.001401190804859771
40,3,5,0.7775396740088343,25.917989133627806,38.7376644205487,0.0011878961003023811
40,3,6,0.1808190514720902,6.027301715736339,13.16742584226769,0.00024827422729764895
40,3,7,0.3201410401565855,10.67136800521952,29.516059759585005,0.006438684953843374
40,3,8,0.39541361574392664,13.180453858130885,0.8844554579919901,0.0006539217793068079
40,3,9,0.17510838953040397,5.83694631768013,115.67972053679301,0.004956331629142972
40,3,10,0.19702422841679212,6.56747428055974,72.15536313865499,0.00193170419444164
40,4,5,0.909621466942742,30.320715564758068,8.061205009805605,0.002589086905162152
40,4,6,0.3129008444059981,10.4300281468666,17.509033568475402,0.0016494650321574199
40,4,7,0.18805924722267764,6.2686415740892585,60.1925191703281,0.005037494148983603
40,4,8,0.5274954086778345,17.583180289261147,29.792003952751102,0.000747269025552963
40,4,9,0.30719018246431185,10.239672748810392,146.3561799475361,0.0035551408242832003
40,4,10,0.3291060213507,10.970200711690001,102.83182254939808,0.0005305133895818692
40,5,6,0.5967206225367441,19.890687417891467,25.570238578281007,0.0009396218730047322
40,5,7,1.0976807141654197,36.589357138847326,68.2537241801337,0.007626581054145756
40,5,8,0.3821260582649076,12.73753527549692,37.85320896255671,0.001841817879609189
40,5,9,0.6024312844784303,20.081042815947676,154.4173849573417,0.006144227729445353
40,5,10,0.580515445592042,19.350514853068066,110.89302755920369,0.003119600294744021
40,6,7,0.5009600916286757,16.69866972095586,42.683485601852695,0.006686959181141023
40,6,8,0.21459456427183643,7.153152142394546,12.2829703842757,0.0009021960066044569
40,6,9,0.005710661941686235,0.1903553980562087,128.8471463790607,0.00520460585644062
40,6,10,0.016205176944701916,0.5401725648234006,85.32278898092268,0.0021799784217392893
40,7,8,0.7155546559005121,23.851821863350406,30.400515217576995,0.005784763174536567
40,7,9,0.4952494296869895,16.50831432289965,86.16366077720801,0.0014823533247004033
40,7,10,0.5171652685733776,17.23884228577926,42.639303379069986,0.004506980759401735
40,8,9,0.22030522621352266,7.343507540450755,116.564175994785,0.004302409849836163
40,8,10,0.19838938732713451,6.612979577571146,73.03981859664698,0.0012777824151348322
40,9,10,0.02191583888638815,0.7305279628796093,43.52435739813802,0.003024627434701331
